nama,area,rating,deskripsi,reviews,place_id,sentiment
Ayam Blenger PSP x Dailybox Meruya Selatan,Kembangan,2.0,,"tempatnya kurang bersih untuk sebuah rumah makan. terkesan dekil dan bau sepeeti bangkai tikus.🥲 pesen ayam geprek sambal matah. sambalnya dikit amat, liat di foto. kulit ayam jg ga fresh, sepertinya udah lama dan ga renyah...🙃🫠 semoga ada perbaikan dr tempat dan makanannya.",ChIJLW1PrU_3aS4R3_ycA2AYmXY,negative
Good Morning Cafe - Taman Palem Lestari,Cengkareng,5.0,,"Aku makan disini order Chiken salted egg, loaded potato n chiken wing nya, enak semua, rasa gurih nya pas, tempat bersih dan adem. Balik lg sih ini 👍",ChIJ62wkSAYDai4RuSN_D9Jq4rY,positive
Warung Makan Dhoni,Cakung,4.0,,Jarang banget lho ada warung nasi rames gini yang pakai ayam kampung dan rasanya juga istimewa banget dengan harga yang nggak mahal,ChIJoYlofUWLaS4RfUhUb1mYX6g,positive
Chinese Food KTT,Jatinegara,5.0,,"Porsi nasi per orang pas, nggak terlalu banyak atau terlalu sedikit; sapo tahunya enak, agak smoky, gurih, dan banyak porsinya; cumi goreng tepungnya enak, kriuk dan tepungnya ada rasa gurihnya. Tempat makan bersih dan cukup nyaman👌🏼",ChIJI9lJU3_zaS4RPII481Bu05w,positive
Warung Taliwang Mubarok,Palmerah,5.0,,"Dagingnya banyak, santannya kental, gurihnya mantabbhhh...",ChIJPxpTR5X2aS4Ry9lESvzVFmE,positive
Eatlah,Tanah Abang,1.0,Kedai makan di plaza yang menyajikan masakan khas Taiwan dalam suasana simpel dengan tempat duduk terbatas.,Kasir nya main hp Mulu dan jutek tidak sopan pesanan lama sekali dibuat nya MOHON DI PERBAIKI SERVICE NYA,ChIJAwBNQCH0aS4R7dtA1BF-eoI,negative
Kotta Kopi Kelapa Gading,Kelapa Gading,4.0,,"Salah satu coffeeshop dengan vibes yang nyaman, cocok untuk kerja, ngumpul bareng ataupun sendirian. Lokasinya tidak jauh dari Statius LRT Pegangsaan dua, persis sebelahan dengan Alfamart.  Variasi menu minuman dan makanannya tergolong enak dan cukup bervariasi, harga nya juga masih tergolong terjangkau untuk daerah Kelapa Gading. Mungkin kurangnya ada di ukuran gelasnya, cuman one size only.  Pelayanan cukup baik, beberapa pegawai sudah cukup friendly, tapi ada beberapa yang masih kurang friendly. Tapi overall okelah, msh bisa diterima pelayanannya.  Parkirannya sejauh ini gratis, toilet bersih dan untuk tempat duduk ada indoor dan outdoor.  Overall, worth to visit 4.3/5.0",ChIJiwo8oxr1aS4Rht2Ygp9iABg,neutral
Pandan Bistro,Penjaringan,4.0,Restoran kontemporer dengan interior mewah yang menyajikan seafood & hidangan klasik lokal yang nyaman.,"Order gulai kepala ikan, tahu kipas, tauge cah ikan asin, sapi sambal petai, udang telur asin.  Gulai kepala ikan, dagingnya lembut, gulainya enak. Tahu kipasnya jg enak. Udang telur asinnya B aja krn kurang berasa telur asinnya & ga creamy. Yg lainnya okee aja rasanya.  Harganya lumayan pricey & pelayanannya krn dateng pas jam makan siang jd agak keteteran, ada 1 menu yg kelupaan dianter.",ChIJOwn6dZYdai4RfoeGBSufhik,neutral
WARUNG MPO'SOFI PADEMANGAN,Ancol,5.0,,"makanannya enak harga murah 10.000 udah dapet paketan menu yang enak untuk makan,langganan banget",ChIJ8-v5o6wfai4RPKnfoxMnnVk,positive
Sana Sini Restaurant,Menteng,5.0,"Tempat makan berkonsep prasmanan yang menyajikan menu Eropa dan Asia, serta koleksi wine dari Vinoteca.","Resto di hotel Pullman dengan menu makan siang yang sangat lengkap menunya mulai makanan jepang, china, indonesia, western. Sebelum memutuskan makan apa perlu keliling dulu apa yang akan dimakan. Aneka salad lengkap, sushinya terus direfill, menu Indonesia ada sate dan rujak, menu china lengkap dengan aneka siomay, dessert ada gelato aneka rasa.",ChIJTWtJeiH0aS4RY6h3u6ESq9Q,positive
Tahu Campur Cak Majid,Kemayoran,5.0,,Tempat yang strategis untuk makan sebelum lanjut ke aktivitas malam hari yang penuh gelora,ChIJm_135bj1aS4RiLDxC_l92Qs,positive
Warteg 24 Jam,Pancoran,1.0,,Mahal gak wajar,ChIJXxB3_aXzaS4ROq1fqmtY66I,negative
Rumah Makan Siang Malam,Duren Sawit,4.0,,"Menunya biasa saja, seperti masakan di panaskan ulang. Rendangnya asinnnn. Suasana biasa.",ChIJT6CsIkXzaS4RCn0bPjYzyQQ,neutral
Rumah Makan Fajar 79,Fatmawati,5.0,,"Pertama kali cobain salah satu chenese food yang ada di Jakarta Selatan, makanannya semua oke, apalagi gurame tahu tausinya, porsinya jumbo bisa untuk 3-4 orang. Pegawainya ramah Ownernya juga ramah sekali. Next time bakal mampir lagi...",ChIJMWxsxSDvaS4RUhZOuVcVKP4,positive
Teras by Plataran Dharmawangsa,Kemang,3.0,Menu klasik Indonesia dan pangsit disajikan di tempat nyaman berdinding panel dan karya seni tradisional.,"Sebagai brand hospitality yang dikenal membawa nilai keberlanjutan dan budaya Indonesia, saya berharap Plataran juga memperhatikan kesejahteraan ayam petelur dengan beralih ke telur cage-free. Sistem kandang sempit sangat membatasi perilaku alami ayam. Banyak perusahaan sudah berkomitmen cage-free, semoga Plataran segera menyusul.",ChIJ26DvRnHxaS4R_Z_iQtBnNTQ,neutral
MAGAL Citra 6,Kalideres,1.0,,"""Kedepannya bisa belajar melayani customer dengan baik""?? Belajar itu pas masih SEKOLAH  Gak usah belajar, mnimal mbak kasir mandiin dulu itu mas server nya udh setahun itu, dari dulu sampe skrg belom mandi tuh sama sekali.  Saya udh masukin komplenan semenjak 2024 tp ga ada progress apa2 sama sekali.",ChIJQRxOHbkDai4RJDZtb2rGYY4,negative
Bebek Goreng H.Slamet,Pesanggrahan,5.0,,"Niat nya mau makanan ala H.Slamet tapi disini vibe nya kafe banget. Kasirnya pun jadi 1 sama manajemen kafe. Dampaknya menu minum dihapus, harus pesen minum menu yang disediakan kafe. Jadi harga minumnya lumayan pricey. Kalo mau makan yang ala H. Slamet beneran dengan menu makan minum yang lebih lengkap mending di gerai lain. Soalnya menunya disini terbatas.",ChIJq5gBVUXwaS4RWKJsuf8j9ug,neutral
PANGANAN SAMBAL BAKAR,Koja,5.0,,Murah dan nyaman,ChIJ6fEfOQAfai4RHUMONuDJDsM,positive
Restoran TMR Ragunan,TB Simatupang,5.0,,👍👍👍👍👍 Es Campur & Mi Ayamnya enak lumayan habis jalan² seger + kenyang,ChIJFQ9o7fztaS4ReZnkuHvHXwg,positive
Sate Pancoran,Pancoran,2.0,"Sate, seafood & hidangan klasik Indonesia lainnya ditawarkan di tempat nyaman dengan tembok berlapis bambu.",Setelah lama ga makan Sate Pancoran akhirnya makan lagi.... tapi lokasinya berbeda. Mungkin terlalu tinggi ekspektasinya.... maka hari ini sungguh kecewa. Sate kambingnya lembut. Minta sambalnya 2 macam tapi diantar hanya satu (sambal kacang). Setelah minta lagi akhirnya diantar sambal kecap tapi pakai tempat sambal kecil. Sopnya kurang panas dan rasanya sedikit hambar. Dengan harga seperti itu kami berharap mendapat rasa dan kwalitas yang baik.... tapi ya sudahlah.,ChIJE_QPvEnyaS4RaCdTmPvgUl0,negative
Sri Rejeki Warung Nasi - Jl P. Antasari,Cilandak,5.0,,"Tempat bersih dan enak buat nongkrong,ruangan ber ac,makanannya jg enak,pelayannya jg sopan,harga standar.recommend deh pokoknya👍",ChIJyWl3lQDxaS4RQGR3XRylquM,positive
Lembur Sarerea | Pepes Ikan Mas Cianjur,Kramat Jati,4.0,,"Lembur Sararea, tempatnya lumayan dekat sama Bandara Halim Perdana Kusuma. Jadi kalau habis landing di Halim dan merasa lapar, tempat ini bisa jadi pilihan untuk mengisi perut sebelum Anda masuk angin. Tersedia menu prasmanan yang bisa dihangatkan ataupun menu masak langsung. Kalau anda terburu waktu, saran saya pesan menu prasmanan saja. Harga menunya antara affordable dan sedikit mahal, tapi tetap reasonable.",ChIJGyCyKOfyaS4RLEhPnsMYO8M,positive
Warteg Ibu Hj. Nina,Buaran,5.0,,Harga sesuai rasa pokoke mantaf dah gak nyesel,ChIJB19I6b-MaS4Rh4mpdlZrC4M,positive
KEDAI CIPTA RASA SLIPI,Palmerah,4.0,,"Harga2 murah. Aneka menu masakan. Ada goreng, ada bakar. Ada indomi nyemek, ada mie ayam. Rasanya sesuai. Cocok di lidah.  Air tehnya juga OK.",ChIJA3_B95b2aS4Rw2Rwi1qVYkU,positive
Restoran Sederhana Masakan Padang,Cakung,5.0,,"Sederhana memang dmna2 ga mengecewakan, Nasi telor dadar aja cukup bikin kenyang",ChIJo69xOGKLaS4RCVRrEA0FeIg,positive
THREE UNCLES,Kebon Jeruk,5.0,,"Menu claypot hanya baru ada 3 jenis, tp enak menu claypotnya, mantapp. Panas dan tidak gosong bagian bawahnya. Semoga bisa tambah varian menu claypot baru utk selanjutnya.  Ada 2 lantai, utk cabang jl.panjang tergolong kurang luas menurut saya. Lantai 2 yg agak mendingan.  Ada 1 karyawan mgkn itu supervisor atau koordinator karna hanya dia aja yg pakai baju lengan panjang dan sisa nya lengan pendek, ini orang sepertinya agak kurang senang gitu jika pelanggan pilih makan di lantai 2, ampe mengucap ; ""siapa yg suruh naik?"" mgkn ditujukan ke rekan nya tapi didpn pelanggan, kan kurang sopan menurut saya.  Overall makanan nya enak, hanya saja 1 orang itu aja yg kurang menyenangkan sikap dan raut wajah nya selama melayani tamu.",ChIJqe4TnTH3aS4RP2uiYNlt07g,positive
Soto Betawi H Maruf TIM,Menteng,5.0,,"nyaman, bersih, dan pas banget kalau lagi bawa anak ke sini, makan di soto h maruf TIM. ✨ kalau ga abis juga bisa dibungkus",ChIJ5Xn-3w_1aS4RckyYzDXyOWs,positive
LOKEI RESTO AND PRINTING,Johar Baru,5.0,,"Tembat bagus, makanan dan minuman enak",ChIJhYMTeIz1aS4RLvQAaZ9_5UM,positive
Gerobak Betawi Sunter,Sunter,4.0,,"Mencoba rumah makan yg banyak varian menu nya, tempatnya sangat nyaman dan pelayanan sigap, banyak makanan yg di rekomendasikan, seperti soto betawi daging oseng, untuk overall rasa masakan enak standart, tapi untuk soto Betawinya masih overprice dengan harga segitu, untuk pempek nya masih kurang kuat rasa ikan nya, malah lebih enak nasi kucing yg ada di dalam (ambil sendiri) walaupun dingin, harusnya ada opsi untuk dibakar dulu nasinya Untuk masukkan nya lebih baik buku menu dan menu sebanyak itu disertakan harga jual nya supaya mudah dalam memilih Untuk tempat saya terkesan, karena bersih dan nyaman suhunya",ChIJv_zmHn_1aS4Rox0avp0s928,positive
Thai Street Setiabudi one,Kuningan,5.0,,Pelayanannya bagus staffnya (mba anggun) ramah makanannya jugaa enakk 🤩,ChIJ9zLWDcfzaS4RYy_CJ_evMxM,positive
RM Mandailing Panyabungan,Jagakarsa,5.0,,"Makanan nya mantap surantap, ada toge panyabungan juga rindu kampung halaman terobati",ChIJ-VofpNPtaS4RSe_bQULi7wA,positive
Batavia 1000 Rasa,Kramat Jati,5.0,,Sungguh menyenangkan dalam kehidupan nyata,ChIJH4eNkXfzaS4R2jt5vrd5Qkk,positive
Taco Local,Blok M,1.0,,"Rasanya biasa aja, waitressnya ga jelas. Orderan salah mau di debatin. Table orang lain di dahuluin. Sejam buat 4 biji taco.",ChIJ2b5LI4HzaS4R6YXymCLQMe4,negative
Pizzeria Cavalese,Kelapa Gading Barat,5.0,"Kreasi pizza, pasta, dan hidangan klasik Italia disajikan di ruang kontemporer dengan dinding bata ekspos.","Restoran Italia favorit! Sudah beberapa kali ke sini dan selalu puas. Pelayanannya konsisten ramah dan cepat, walaupun menurutku ada pelayan yang cara bicaranya agak terlalu cepat 😄  Setiap ke sini hampir selalu pesan ravioli, karena cukup jarang ditemukan di tempat lain. Tingkat kematangan raviolinya pas, dengan bumbu yang melimpah tapi rasanya tetap balance dan tidak terlalu strong. Pizza-nya juga konsisten chewy dan selalu enak. Sempat coba menu Rosa Salmone dan ternyata sama enaknya dengan menu lainnya. Potongan salmonnya cukup besar dan pas dipadukan dengan pasta yang rasanya lebih light.  Ambience tempatnya juga oke, nyaman banget dan bikin betah berlama-lama. Bintang lima pokoknya ⭐️⭐️⭐️⭐️⭐️",ChIJfVA_4W_1aS4RJAo8lTgQFwg,positive
Warung Nasi Mas No,Palmerah,5.0,,"Harganya yang merakyat dan juga Jenis sayuran serta lauk yang bermacam2 itu yg menjadikan warung nasi Mas no ini luar biasa ,,Satu yg pasti pelayanan yg juga ramah ke semua pembeli...maju teruus dan sehat teruus buat kalian semua warung Mas no",ChIJORsaL8f2aS4RkWfFBdl9IP0,positive
KAMPONG RASA,Pademangan,5.0,,"Ayam Kalasan (8/10) ~ bumbunya meresap, dagingnya empuk, copot tulang Ayam Goreng Manis (8.5/10) ~ bumbunya meresap, dagingnya empuk, copot tulang Pindang Patin (7.5/10) ~ daging ikan patinnya fresh dan lembut, kuah pindangnya agak asin, bisa dibikin asem dikit biar makin segar Ikan Gurami Goreng (7.5/10) ~ ikannya fresh, tidak bau tanah Tahu Manis (8/10) ~ potongan terlalu kecil Tempe Manis (8/10) ~ potongannya terlalu tipis Terong Goreng (8/10) ~ terongnya muda dan bagus Ikan Asin Peda (7.5/10) ~ mungkin jenis pedanya berbeda, entah kenapa kurang wangi dan asin banget Sate Ampela (8/10) ~ ampelanya bersih dan empuk Telor Barendo (8.75/10) ~ ini salah satu menu yg wajib dipesan, renyah dan wangi. Cah Toge Polos (7/10) ~ kurang spesial karna disajikan dalam kondisi dingin Sate Ampela (7.5/10)  Di Kampong Rasa, kita bisa ambil sepuasnya lalapan (timun, daun kemangi, kol, selada). Juga bisa minta tambah sambal rampai sepuasnya.  Sambal rampainya sedikit keasinan, saran saya tambahkan air jeruk dan gula, biar lebih segar balance rasanya. Karena makanan sudah cenderung keasinan, jadi sambalnya jangan keasinan lagi. Moga bisa diperbaiki, agar jd makin sempurna.",ChIJfQtjIQD1aS4R4LZAoxMpv5U,positive
Sogogi Shabu & Grill Pondok Pinang,Pondok Indah,2.0,,"First time bakal nulis ulasan pjg lebar wkwk, semoga bisa bermanfaat dan bisa jadi evaluasi buat pihak Sogogi.  Plusnya : 1. Tempatnya strategis, parkir enak, keliatan  bgt dr pinggir jalan juga. 2. Tempatnya baru kayanya ya, jadi bersih banget 3. Karyawan nya banyak banget, bener2 numpuk. Jadi banyak lah yang bantu 4. Pas saya makan lg sepi sih, jd ga sumpek krn tmpt dine in nya sedikit, jd kalo rame pasti pengap. 5. Rekomendasi buat yg ambil pket premium bs coba yg marbling sm wagyu non fat, pling enk  Minusnya : 1. Dagingnya krg bervariasi, yg di display bener2 dikittt bgt saddd 2. Ngga bisa ambil paket yg grill nya doang (harus sm shabu) 3. Yg premium ngga di display, jd tiap mau refill harus minta tolong sm pelayannya. Cuman tiap refill lama bangett ambilnya, bisa 15 menit. Awalnya kirain mas-nya lupa tapi pas diingetin ktanya emg dagingnya masih di slice. Saya pikir emg pas saya pesen stock nya lg abis makanya di slice dulu, taunya tiap pesen selalu lagi di slice. Untuk makanan yang dikasih waktu begini, jujur merugikan bgt kalo tiap refill harus nunggu. Gatau ini bagian dari strategi apa gimana, tp pengalaman makan all u can eat sblmnya gapernah smpe begini. 4. Krn hrs pake shabu, akhirnya nyobain yg spicy miso. Menurut saya sih enak, tp gatau kenapa kok tiap abis makan kuahnya after taste nya kaya pait banget gitu, bikin ga nafsu huhu.. 5. Minumnya saya ambil yg orange juice (pilihannya ada 2, orange juice dan ocha). Tp orange juice nya ga manis, perbandingan sirup sama air nya jauh banyakan air jd ga berasa 6. Side dish nya jg krg greget sih, jamur crispy nya melempem, kangkung gorengnya krg jg.  So far untuk pertama kalinya ke Sogogi ini agak mengecewakan. Entah di cabang lain begini jg atau ngga. Semoga bisa diperbaiki.Krn untuk harga segini bersaing bgt loh dengan all you can eat lainnya. Semoga owner nya bisa lebih concern dan bisa diperbaikin kedepannya",ChIJs85VUGX3aS4RJ31qzps1ZaM,negative
JChicken Cempaka Putih,Johar Baru,5.0,,"Pertama kali lihat J Chicken langsung tertarik, tempatnya bersih dan terpampang menunya variatif.  Parkir luas, datang disambut hangat oleh staffnya. Pesan menu juga praktis tinggal qr langsung pilih menu dan payment online. Makanan juga cepet datengnya. Dari segi rasa makanan yang dipesan semuanya enak dan unik, harga juga affordable. Kalo ditanya bakal balik lagi sih ofcourse👌🏻",ChIJ5_ccZA_1aS4R5Mtv_fDJkiI,positive
Bubur Ayam Sukabumi 1 tebet,Pancoran,5.0,"Rumah makan nyaman yang menyajikan bubur, sup, dan nasi rumahan khas Indonesia di area simpel.","Salah satu rekomendasi tempat makan, khusus nya sarapan. Terdapat banyak sekali pilihan makanan dsini, pilihan bubur juga sangat variatif. Rasa buburnya lezat, dengan tambahan topping yang beraneka ragam. Ada pilihan sate pelengkapnya juga.  Lokasinya strategis di pinggir jalan, di jam tertentu kondisi sedikit ramai. Kursinya terdiri dari sofa-sofa jadi uda pasti nyaman duduk dsini. Tidak ada AC tapi kipas anginnya cukup kenceng dsini.  Cocok banget untuk nongkrong keluarga atau destinasi singgah sunmori.  Pelayanan -—- ⭐️⭐️⭐️⭐️⭐️ Kebersihan —- ⭐️⭐️⭐️⭐️⭐️ Kenyamanan - ⭐️⭐️⭐️⭐️  Di rekomendasikan reviewer: ☑️ Bubur Ayam.  Tidak rekomendasi: ➖ Jika perginya kesiangan, lumayan gerah dsini.  Overall: Recommended 💯",ChIJ1z-O3ZXzaS4RMuola3weEsI,positive
"HN Cafe Establish – Coffee Shop with Meeting Room, Nobar & WFC Tomang Jakarta Barat",Tanah Abang,3.0,,"The chicken strips are hard as a rock and tasteless😆  Chicken skin rasanya okk tapi berminyak bgt. Makan kulit sepotong bonus minum minyak seliter. 🙂‍↕️  Kita minta air mineral + ice 2 dan dikasih digelas, kita liat kakaknya nuang ke gelas dan masih ada sisa setengah botol, dia charge 2 botol air tapi kasih kita cuman 1 botol dibagi dua digelas wkwkwk, niat jualan apa nipu dah?  Pesen matcha ga keluar keluar, kayaknya lupa, kita biarin aja, karena dia ga inget dan haus akhirnya pesen ulang setelah sejam ga dateng. Rame juga kagak, ada pesenan lain juga kagak, sepi banget aja begini apalagi rame, huft.  Semua latte latte an nya rasanya kayak air telor, ga heran sih pake milk life soalnya, tapi kalo pake milk life mbok ya minuman nya jangan 40ribuan, agak gatau diri namanya itu. Harga bahan murah tapi jual latte nya kayak harga greenfield🤪 aku nyobain nya matcha latte, cappucino, caffe latte btw.",ChIJH2EfJgD3aS4RQTcFZyhFxEk,negative
Warung Bejho,Jatinegara,5.0,,"Tadi saya pesan ayam bakar 2 porsi. Rasa ayamnya enak, coba kalau nasi dan sup sayur asemnya hangat/panas ya, pasti lebih nendang makannya.  Ownernya baik dan ramah diajak ngobrol.  Pembayaran bisa pakai qris atau transfer. Tadinya mau pesan roti bakar 2 porsi, tapi sold out. Lain kali mau mampir beli robaknya😁",ChIJl7F7JXz0aS4Ru0AYC9nN8fg,positive
Warung Padang Yenny,Kebayoran Baru,5.0,,langganan di sini kalo dateng ke jakarta. TUNJANGNYA BEST BANGET WAJIB DIPESEN TIAP KE SINI,ChIJRdO6REDxaS4R8Am7A52OQuw,positive
Warung Nasi Ampera Jagakarsa,Jagakarsa,5.0,,"jujur pertama kali banget udh 3 tahun dijagakarsa makan kesini kebetulan temen aku anaknya lagi birthday, pas banget sama birthnya aku, yaudah sekalian dpt surprise, pelayanan oke, kebersihan oke makanan oke aku gak tau range harga ya soalnya dibayarin heheh  cocok banget untuk acara keluarga, arisan, atau lainnya,",ChIJbwR3KsTtaS4Rmv2mziyIOjA,positive
RA Gadang spaghetti,Tanjung Priok,5.0,,Spaghettinya enak banget dan harganya terjangkau,ChIJbbj1368fai4RBoPOjS8ghmI,positive
RM.KARYA BUNDO,Kemayoran,1.0,,Tolong di infokan buat karyawan yg rambutnya jabrik berkumis. Tolong biasain kalau lagi ngelayanin jangan bercanda !!! Masa makan dibuat bercandaan kurang pantes.  Kronologi :  Saya hari ini tanggal 26 april 2025 jam 11 beli beberapa bungkus dan dilayanin sama pegawai dan saat sedang dilayanin tiba-tiba pegawai yg rambutnya jabrik berkumis malah mengambil sayur ( saya ) yg sudah di pack oleh pegawai yg melayani saya dan bercanda dikala karya bundo sedang ramai. Yang seharusnya cepat menjadi sangat lambat karena memainkan sayur dengan diputar putar. Dan ini bukan kali pertama saya lihat pegawai itu ( berkumis ) bercanda. Bahkan pada saat saya dilayani malah terkesan meremehkan.  Saya dan teman saya langganan disini dan semua pegawai bersikap normal dan baik hanya saja satu pegawai itu yg bikin kurang enak dan bukan saya saja yg bicara seperti ini ada ibu ibu samping saya juga bicara seperti itu.  Mohon diperbaiki lagi dan semoga bisa lebih profesional. Terima kasih,ChIJk0LvEJj1aS4RfBMW0Jz1qX0,negative
Soto Kudus Bintaro,Kembangan,5.0,,Satenya reccomended. Harga sate kisaran 5k - 7k.,ChIJ690mwGn3aS4ReasvMKCBYOU,positive
WARUNG SATE SOLO PAK AWAL CIJANTUNG,Pasar Rebo,3.0,,"Pak,tolong di ganti PP di semua apk pesan makanan,saya pesan di online gofood,pesan tengkleng dan SOP daging sapi,tapi ya Allah gak ada daging nya pisan bahkan secuil pun gak ada,yang ada hanya isian kayak kulit2 tebal doang,harga padahal lumayan mahal loh,SOP nya udah ngebayangin mau makan enak ada daging nya lah ternyata sama Bae isian nya cuma kulit2 tebal bagian kaki hewannya kali, pertama kali pesan mah oke banget pas baru2 ada ni sate, tengkleng nya full daging ini lama2 kok cuma isi jeroan doang",ChIJxfQM5DLtaS4RFvm7Tyi3yVc,negative
Rumah Makan Takana Juo,Kebayoran Lama,5.0,,"Untuk harga yg lumayan miring rasa nyaa gak kalah sama yg merek ternama. Pelayanan nya bagus, apalagi uni nya ramah bgt minta tambah sambel dll dikasih banyak. Kalau datang jam makan siang pas weekdays rame banget, mending dateng setelah makan siang. Di applikasi grab, gojek juga udah ada tapi enakan beli langsung bisa request ini itu Mantaaapp pertahankan cita rasa nyaa 👍",ChIJbwfdo17xaS4RW96RDUSu27o,positive
Soto Betawi Babe Jamsari,Kebon Jeruk,5.0,,"sotomya gurih, enak tanpa harus bumbu2 apa, dagingnya juga enak kenyal tidak keras, cuma agak kendala parkir ya, mobil parkir di samping apartment",ChIJTSApDXz3aS4R9T4JaM31obU,positive
Rumah Makan Gardu Konghu,Taman Sari,5.0,,Harga murah rasa nya bintang 5 ini sudah menjadi langganan  pokoke gk kecewa deh. Masakan nya mantappp,ChIJMx4EjBX3aS4RBV4n015dF2U,positive
KALA di Kalijaga,Blok M,3.0,,"untuk tempat sebenernya oke banget, makanan masih sedikit variannya, rasa so so lah... Cuma sayang kebersihannya kurang apalagi di kawasan ini sebagian besar resto, kamar mandi masih kurang bersih kinclong dan tidak wangi, bau eek kucing di area depan twin, dan kolam depan twin kotor airnya udah smp ijo warnanya, kurang kanopi jadi banyak rontokan daun di area parkiran. sebaiknya ambil tenaga cleaning yang sudah expert di bidangnya.",ChIJkSYaNSDxaS4R2gTQTdsXVdI,neutral
Nasi Goreng WokHey (Next Kitchen),Matraman,4.0,,"Buat yang suka creamy food, ini enak. Porsi cukup kenyang, ga sedikit, ga banyak juga. Harga 20-30ribuan untuk makanan pastanya. Sepadan sama rasanya. Tp utk nasi-nasian 20sekian (hampir 30rb), porsi lumayan banyak sih. Boleh dibilang rasanya ga kalah sama resto. Minumannya juga lumayan. Tapi kalau untuk makanan creamy, baiknya pesan yang ada sodanya biar ga eneg. Pembayaran bisa cash atau qris.  Lokasinya nyempil di ujung gang buntu, sebelah kanan. Kalau motor bisa parkir di depannya, tapi kalau mobil parkirnya mending di luar gangnya. Karena banyak yang online food, jadi dine-in nya cuma cukup sekitar 5 spots aja.  Aku pribadi sih suka.",ChIJZYDK1Pv1aS4RcSYGg10bqe8,positive
Abunawas Restaurant - Matraman,Matraman,5.0,Restoran Timur Tengah klasik di tempat khusus acara yang indah dengan masakan rumahan.,"Dilayani awalnya oleh Mbak sapa gt, lalu dilanjut Mas Reza, pelayanan sangat baik, menjelaskan menu kepada kami berdua yg baru pertama makan di sini. Utk makanan, enak. Porsi makan cukup. Daging nya empuk, ga bandel hehe.. tempat bersih, nyaman. Hanya aksesnya karena sedang ada pembangunan di depan, jadi agak tersembunyi, semoga segera selesai ya pembangunan nya.",ChIJDX5Obmb0aS4R9ya0q2UUiKw,positive
Warung Pak DJ,Puri Indah,5.0,,"Buat penggemar Sate Taichan dgn sambel khas yang berbeda pastinya dari sambel taichan lainnya, kudu mampir dan test food disini yah.. Dijamin nagih...  Buat pecinta Pizza Tipis Garing boleh cobainnn jg, enakkk pokoknya No Debat yes..",ChIJ2S3lACj3aS4RxlHDnzGJwtM,positive
Smoking Barrels Atelier - Cilandak,Cilandak,5.0,,"Enak banget tehnya, sebagai yang suka cobain teh menurutku ini sangat informatif dan jujur jadi punya experience sendiri gitu disini. Disini tadi ada testing tea brew oleh kak Puspa, sangat informatif dan seru banget ❤️❤️❤️",ChIJYzW0mQvxaS4R68oK_z82AnE,positive
Ayam Bakar Arjuna,Cempaka Putih,4.0,,Ayam dan bebek bakar nya enak plus sambal pedes mantap yg bikin ketagihan.,ChIJ3Yf52wn1aS4RwNobXdSsikM,positive
Lamar Coffee and Eatery Gambir,Gambir,3.0,,"Kopi gula arennya lumayan, sate taichan lumayan rasanya sayang pesen nasi utk teman makan sate, dikasih nasi dingin dan keras. Oohh jd ga niqmatlah..",ChIJpeLp6lmTaS4RPUpt03rvcvA,neutral
Rumah Makan Padang Sutan Bungsu,Pesanggrahan,5.0,,Tempat makan enak.. tingkatkan lagi untuk rasa sambalnya,ChIJEwP_agDxaS4RNh4riJ0gBpY,positive
Riung Tenda,Pulo Gadung,5.0,"Restoran simpel yang khusus menyajikan ikan goreng, ayam, dan masakan tradisional lainnya.","Yang dipesen enak semua,  tapi es doger nya ga dapet ketan item nya, padahal digambar menu ada ketan item nya,",ChIJsXi-s5X0aS4RgjcEfklLYB4,positive
"Wee Nam Kee, Gandaria City",Kebayoran Lama,5.0,,"Selalu suka makan disini dengan menu andalan yang saya pesan adalah half chicken roasted. Untuk side-dish saya selalu pesan dumpling goreng, enak bener rasanya. Worth to try untuk nasi hainam disini. Plus, chili oil disini enak banget😍👌",ChIJnRENMVnxaS4RHt7502O5cnU,positive
Putu Made SPARK,Sudirman SCBD,4.0,,"Servisnya top! Pelayanan cepet bgt. Kebetulan lagi bawa bayi umur 1 tahun dan pesan air panas utk angetin makanan bayi. Terus ditawarin stafnya untuk dihangatkan di microwave mereka saja☺️ VIP room nya bersih dan dingin bgt, ga pengap, lgsg akses ke teras danau telaga senayan. Utk rasa makanan saya kemarin sayangnya bebeknya masih agak terasa ""tanah"" dan kerangnya agak kurang fresh. Semoga bisa jadi bahan evaluasi ya krn yg lainnya udah top bgt",ChIJeTThjsb3aS4RODFRV1xhXr0,positive
Yellowdokk Dufan Ancol,Ancol,5.0,,"tanggal 14 saya ke Dufan jajan di yelowdok ,topoki nya enak yg rose sama korndok nya enak ,pelayanan nya ramah 😊",ChIJDcAjEgAfai4RAQZHclx4U9g,positive
GREEN SEAFOOD,Penjaringan,5.0,,"tmpt makan yg enak dan murah menurut saya, saya sering makan di sini bersama keluarga, bnyk macam menu nya dan pelayanan nya pun sangat oke sekali",ChIJG2Onrogdai4RcpztyBZtWR0,positive
Warung Makan Kuningan Ibu Lusi,Pluit,5.0,,Samping jalan KA,ChIJK25Ae_Ydai4R_sUi5chIF1M,positive
Queen Palace Restaurant,Pluit,5.0,Restoran keren dengan dekorasi mewah dan ruang acara pribadi yang menyajikan hidangan China kelas atas.,"Salah satu Chinese food favorit di Jkt. Masakannya hakka style gtu, hampir semuanya enak. Walaupun pricey tp puas dgn rasanya. Menu favorit kalau ke sini, ada udang kipas, sate shanghai. Sate shanghai itu Daging Karbonat atau biasa disebut Pork Loin tapi potongannya lebar dan luas jadi beda dengan sate ayam yang biasa, makannya pake bakpau. Recommended!",ChIJHyqLe_kdai4RxUcZjyfbv_4,positive
Elfresh Resto 24Jam Kalibata,Pancoran,1.0,,"Parah , kerjanya becanda , kerja lelet . saya pesan nasi goreng. Koki nya mlh gak ada . resto 24 jam tapi yang kerja gak jelaz,",ChIJG_0G1EvzaS4RpYGW3GQYXoI,negative
Ayam Nyeresep Masakan Sunda,Grand Indonesia,5.0,,Rasanya mantaaaf....,ChIJY4ffvaH2aS4RflxSYRG6Eck,positive
Suasana Warung,Cengkareng,5.0,,"Tekwannya enak, es leci jg enak, harga standar.",ChIJaSc-ZSwdai4RF-JjLq3winQ,positive
Platinum Resto & Cafe - Lippo Plaza Kramat Jati,Kramat Jati,5.0,,"Area resto bersih, pelayanan ramah dan makanan cukup enak juga harga sangat bersahabat.",ChIJA04B9_byaS4RRba7KZTE4TA,positive
Tempat Mamskie,Duren Sawit,5.0,,Enak,ChIJuwarNgDzaS4RnLSfCSXIeRg,positive
NoMiNoMi Delight Rawamangun,Pulo Gadung,5.0,Menyediakan berbagai variasi makanan penutup dan cemilan ala Asia. Suasananya nyaman dan santai.,"Lokasinya di sebrang Halte Pemuda Rawamangun jalan dikit, tempatnya lumayan nyaman sih, waktu itu makan di weekdays pas jam makan siang, lumayan rame tapi lumayan cepet sih penyajian makanannya. Yang paling unik tuh sushi coklat karamelnya, agak aneh sih tapi lumayan enak setelah coba 😂",ChIJJ9ZMvMD0aS4RLvUFZp0s-lI,positive
Warung Sambel Damas,Penjaringan,5.0,,"Ini surga buat pecinta pedas. Konsepnya spesialis aneka sambal (Sambal Bakar, Sambal Tempong, Sambal Pencok) yang disajikan dengan berbagai lauk gorengan. Rasanya memang ""nendang"" banget, pedasnya segar dan bikin nagih.  Menu favorit biasanya Sambal Bakar Iga atau Paket Bebek/Ayam. Sambal bakarnya disajikan panas-panas di atas cobek tanah liat, aromanya wangi banget. Lauknya juga fresh, lalapannya melimpah (kadang ada terong goreng juga).  Suasananya selalu ramai, bahkan sering viral sampai antri panjang (waiting list). Tempatnya semi-outdoor di pinggir jalan raya Muara Karang, jadi agak berisik dan berasap, tapi justru itu sensasi makan di sini.",ChIJMzOSnqcdai4RsnmNKt1_d1A,positive
Alkisah - Warung Makan & Ngopi,Kuningan,5.0,,"Tempat makan masakan nusantara di sekitaran mega kuningan. Makanan rumahan yang enak banget dengan tempat dan suasana ala cafe cocok untuk nongkrong juga.  Untuk harganya lumayan mahal, ada tempat parkir luas dan gratis.",ChIJb4J2uxzzaS4RVqzt43EmgS0,positive
Dapur Citra,Fatmawati,5.0,,"Tempat luas bersih dan nyaman, suasana hommy, bisa booking tempat full area, pagar utama ditutup kalo booking full area, ada mushola yg luas dan nyaman juga bersih",ChIJKa5Ssx_uaS4Ro6fKsIymt_k,positive
Nasi Bakar Almira,Penjaringan,5.0,,"Ternyata masakannya mantap,menunya juga juga ok di dompet",ChIJdzZdU9Adai4RVMZYJBIHcek,positive
Rumah Makan Simay,Palmerah,5.0,,Rasa sangat oke banget.. sayang tempatnya panas..,ChIJN1v3-Mf2aS4RYgFJna6xINU,positive
Lesehan Si Babeh,Cengkareng,5.0,,Wih tempat nya enak buat kumpul bareng keluarga tau nongkrong sama temen² murah enak banget deh otw makan di sinih terus sihh..,ChIJkU3HZf73aS4RA2nn7HdS1Hk,positive
Warung Kempoel (Katering),Palmerah,4.0,,"Tidak ada tampat parkir kendaraan roda empat sama sekali, untuk kendaraan roda dua nya juga terlalu mepet memgambil badan jalan sehingga dapat membuat macet karena setap pagi selalu sangat ramai pembeli yang bungkis untuk bekal makan di kantor. Untuk masakannya sangat banyak pilihannya, Untuk taste sama seperti warteg atau warung nasi pada umumnya tapi menurut saya masih terlalu berminyak masakannya, Untuk harga termasuk reasonable.",ChIJXdWf0Mb2aS4RSi2IgT1fUMs,neutral
Warteg Bahari,Matraman,5.0,,Ok juga murah,ChIJzUBibx71aS4RZFzRqIuPlSY,positive
Warung Babi Tong,Kemang,5.0,,"Dateng ke sini karena udah craving babi banget di Jakarta. Long story short, temenku yang nemuin tempat ini setelah deep dive di Google Maps.  Pas nyampe… surprisingly nggak ada plang nama sama sekali. Yang keliatan justru papan “Ayam Rica-Rica” sama “Mangut Lele”. Sempat mikir jangan-jangan warung babinya udah ganti. Eh ternyata harus masuk ke dalam rumah bertingkat, dan warung Babi Tong ada di lantai 3 alias semacam rooftop gitu. Totally didn’t expect that!  Tempatnya semi-outdoor, aku datang sore dan enaknya sejuk berangin, jadi nggak bikin gerah. Vibes-nya agak hidden spot tapi cozy.  Menu babinya lumayan variatif: ada babi asap, babi kriuk, babi kecap, plus bisa pilih gramasinya. Disediakan juga beberapa pilihan bumbu — aku coba yang sambal matah dan bumbu hitam, dan dua-duanya sooo good! Juicy, flavorful, cocok banget sama nasinya. Babi asapnya juara sih! Dan waktu tunggunya juga ga terlalu lama kok.  Lokasinya juga strategis, mudah dijangkau, walking distance dari MRT Haji Nawi.",ChIJVVWFQpnxaS4REupVQFzwMEA,neutral
Warung Nasi Ampera,Pulo Gadung,4.0,"Restoran simpel dengan meja bersama yang panjang, yang menyajikan sajian klasik khas Sunda.","Warung Ampera ini terdapat di Rawamangun, Jakarta. Lokasi strategis pas dipinggir jalan besar dan terdapat parkiran yang memadai untuk motor dan mobil. Terdapat meja dan kursi makan yang lumayan banyak sehingga bisa menampung pengunjung yang banyak datang. Tempat kurang bersih, untuk makanan lumayan enak dan harganya pun relatif standard.",ChIJVexu8sD0aS4RnoW3Nc9lVvk,positive
Cafe & Resto Papa Bobs,Pesanggrahan,4.0,,"Lagi cari di google maps ""coto makassar terdekat""  Gataunya di papabob ada coto makassarnya. Pas lihat menunya, cukup banyak juga makanan makassarnya.  Pas sampe sini, pesen coto, mie titi, dan nasgor merah..  Utk mie titi & nasi merahnya enak bgt asliii otentik makassar. Approved by saya yg asli orang makassar jugaa. Utk cotonya masih kurang srek kayaknya udh modifikasi jd tidak otentik..  Mie titi nya seafood bgtttt gurih. Nasgor merahnya top smokyy gak terlalu berminyak.  Yang masih kurang, kecepatan pelayanannya aja. Padahal karyawan di dapurnya cukup banyak. Pas sy dateng juga tamunya mungkin hanya ada 3 meja yg ter isi. Mungkin bisa di perbaiki lg sistem dapurnya spy lebih efektif. Karna utk makanannnya khususnya makanan makassar udh enakkk top.  Harusnya papabob jadi khusus resto masakan makassar ajaaa.. karna enakkkkk. Utk spageti carbonara nya standar saja sy pesan",ChIJ3be7cL_xaS4Rd7nBWDVQ7n8,positive
KEDAI MAKAN H.JAANIH,Kalideres,3.0,,"Pelayanan nya kurang gercep.. Pesen bakso nunggu setengah jam baru dateng pesanan nya, padahal pas gk rame..  Mohon lebih ditingkatkan lagi..",ChIJSXGq6XsDai4RuQPUfLa37mg,negative
Warung Nasi Goreng Harapan Mulya,Cempaka Putih,5.0,,Perlu di coba nih masakanya..,ChIJtevwsK31aS4RJGTtw77PEEE,positive
Warkit Citra Dua,Kalideres,5.0,,Makanannya enak2 menu2 beragam mau yg kuah bakar goreng2 smua ad ga bakalan bosen makan disini tiap minggu cobain menu2 yang lain enak enak smua.. Makanan datang cepat.... Porsi bnyak d banding cabang2 yg lain yg pernah saya coba... Best sich ya semoga bnyak menu2 baru..,ChIJJX9moQn4aS4Rf98HrRS6Aj4,positive
Marugame Udon Citra 6,Kalideres,5.0,,"Service cepat, kasir cepat, makanan selalu enak sih so far. Dulu ada satpam yg sambut tetapi sekarang sepertinya sudah tidak ada ya. Improvement paling lebih ke lemon tea nya rasanya kecampur air gitu gak manis, dulu sepertinya lebih fresh manis gitu.",ChIJB3e8N64Cai4RsB0xvQin_9o,neutral
"Ayam Goreng PEMUDA, Pesanggrahan",Kembangan,5.0,,Ayamnya kampungmya berasa asin n bumbunya nyerap banget… wangii…empuk n garing …mantep  pokoknya..,ChIJiyXHIxH3aS4RL24enGeRpgA,positive
Pandan Bistro,Penjaringan,5.0,Restoran kontemporer dengan interior mewah yang menyajikan seafood & hidangan klasik lokal yang nyaman.,"Resto khas masakan 🇮🇩  yg uda jd slh 1 tmpt favorit nya warga Jkt nih. Biasanya selalu ramai saat jam makan siang. Menu2 yg tersedia di sini sgt beragam, tp menu yg wajib di order di sini ada Gulai Kepala Ikan nya, dan Tahu Kipas nya. Utk menu sayuran nya jg rata2 enak, cocok di lidah. Tmpt nya jg pas utk makan bareng keluarga, tmn2 arisan, dsb. Para staff nya jg ramah2 dan memberikan pelayanan yg baik. Terima ksh ya 🙏",ChIJOwn6dZYdai4RfoeGBSufhik,positive
DION,Palmerah,5.0,,"DION Senayan Park merupakan salah satu tempat dining dan lounge yang menawarkan pengalaman bersantap dengan pemandangan danau yang indah di tengah kota Jakarta. Berlokasi di kawasan Senayan Park, tempat ini sangat cocok untuk nongkrong santai, makan malam, hingga merayakan momen spesial bersama teman atau pasangan. View danau menjadi daya tarik utama, terutama saat sore hingga malam hari ketika suasana semakin hidup dan romantis. Ambience di DION terasa premium dengan konsep modern dan sentuhan Mediterania. Area outdoor menjadi favorit karena langsung menghadap danau, memberikan suasana yang nyaman dan instagramable. Pada waktu tertentu, tersedia live music yang menambah kesan hangat dan menyenangkan. Saat malam semakin larut, suasana berubah lebih lively dengan kehadiran live DJ yang membuat tempat ini cocok juga untuk hangout malam tanpa terasa terlalu berisik. Pelayanan di DION tergolong baik dan profesional. Staf ramah, responsif, dan cukup membantu dalam menjelaskan menu. Pilihan makanan dan minuman cukup beragam, mulai dari western food, steak, seafood, hingga cocktail dan mocktail. Kualitas rasa dan penyajian makanan sebanding dengan harga yang ditawarkan. Harga memang tergolong menengah ke atas, namun sesuai dengan lokasi, suasana, dan pengalaman yang didapatkan. DION Senayan Park sangat direkomendasikan bagi yang ingin menikmati makan dengan view danau, ditemani live music dan live DJ, serta suasana malam yang berkelas. Disarankan melakukan reservasi, terutama saat akhir pekan.",ChIJcWQDB3X3aS4R6EUaNToQqno,positive
Shanghai Blue 1920,Gambir,5.0,"Makanan tradisional China ditawarkan di tempat penuh warna bernuansa kelam, plus dinding merah & gaya kuno.","Datang kesini buat buka puasa tp ternyata udah penuh. Diluar ekspektasi, mas pelayannya effort bgt buat nyariin tempat dan ternyta bisa.  Makasih ya... Udah ramah, cepat, sigap 👍  Makanan dan minumannya enak. Nasi gorengnya bikin nagih  Suasananya nyaman dengan interior bergaya klasik.  Mushola juga tersedia dilantai 3 dan cukup luas.  Ada area outdoornya diatas, enak buat ngopi2, tp gk sempet foto2.  Shanghai blue ini jd satu ya sm kawisari, resto yg disampingnya",ChIJLeoq3S70aS4Rez5E2hzRhNA,positive
Holy's Brew Pondok Indah,Kebayoran Lama,5.0,,"Makanan nya enak banget, tempat nya bersih dan besar buat nongki bedd banget, pelayannya bagus ramah 🥰 bessss lah pokoknyamah, nasi ayam bali nya enak bgt pluss berry coffee recomend bgt",ChIJJbDYIqjxaS4RTLJU7C2axeI,positive
Sop Duren 88,Central Park Mall,4.0,Tempat makan minimalis & penuh warna dengan makanan khas Indonesia & berbagai kreasi sajian penutup durian.,"Untuk Sop Duren nya menurut saya lumayan rasanya, tetapi seperti ada kurang sesuatu untuk Sop Durennya, saya suka durian, tetapi saya mencoba Sop Duren ini tidak membuat saya ketagihan atau ingin mencoba nya lagi. Mungkin saya mencobanya di timingnya yang tidak pas, karena malam hari yang cuaca sedang hujan, sebaiknya kalau kalian ingin mencoba di siang hari yang cuaca lagi terik-terik nya. Kalau kesini lebih baik nyoba Sop Duren nya saja, kalau makan mending sekalian beli yg berat, utk harga kalian bisa lihat di daftar menunya, terjangkau tidaknya.. Tapi saran saya sih, karena ini Sop Duren, lebih baik nyobain Sop Duren nya saja..  Layanan nya memang biasa saja, mungkin karena tempat usahanya gabungan, jadi manajemen pembagian jobdesc nya kurang.  Suasana lumayan tenang, kalau buat nongkrong atau nyantai juga bisa. Waktu saya kemarin sepi pengunjung, mungkin karena hujan.  Selamat mencoba 😊.",ChIJcUCbxln2aS4RFDCd6fdU4MA,neutral
The Joglo Garden Resto,Cibubur,5.0,"Hidangan lokal yang disajikan di tempat makan kasual terbuka dengan taman, paviliun kayu, dan taman bermain.","Sumpah ini salah satu tempat yang paling bikin betah!,. Dari awal masuk udah kerasa banget vibes alamnya, banyak pohon, udara seger, dan view-nya cakep banget🌴. Tempat ini tuh nggak cuma restoran biasa, tapi beneran kayak tempat rekreasi mini. Ada mini zoo-nya juga, jadi anak-anak bisa lihat hewan-hewan lucu kayak kelinci, kambing, burung, dan lain-lain. Mereka seneng banget, sampe susah diajak pulang 😅 Kafenya juga asik, tempat duduknya banyak pilihan, bisa indoor atau outdoor. Kalau duduk di luar tuh rasanya tenang banget, apalagi kalau sore menjelang magrib, anginnya sepoi-sepoi. Menu makanan dan minumannya lumayan lengkap, dari camilan, kopi, sampe makanan berat juga ada. Rasa makanannya enak, porsinya pas, dan harganya masih wajar buat ukuran tempat sebagus ini. Fasilitasnya juga nggak kalah oke – parkiran luas, toilet bersih, mushola nyaman, dan ada tempat main anak juga. Cocok banget buat yang pengen quality time bareng keluarga atau nongkrong santai sama temen-temen tanpa harus ke tempat yang terlalu ramai. Intinya, kalau kamu lagi nyari tempat makan yang beda dari biasanya, yang bisa sekalian healing dan anak-anak juga seneng, wajib banget coba ke sini! Fix bakal balik lagi kapan-kapan 😍",ChIJXwLkk8-TaS4RGKg1Ax7TPFo,positive
RAWON SEGO PINCUK - SAOTO BATHOK - WARUNG BIYUNG TUMILAH - DAWET IRENG - SEGO JANGAN - SEGO WATU TUMPANG - PECEL PINCUK,Duren Sawit,5.0,,"Makanannya enak, harganya ramah di kantong. Parkiran ada. Semoga tetap konsisten ya Warung Biyung.",ChIJwQhp4avzaS4REsuqnHV89q8,positive
Rumah Makan Ahui,Pluit,5.0,,"Mantap lah kepitingnya seger mampus gede2 lagi, harga uda dipastiin jau lebih murah dibanding makan di resto gede / mol🤪😋",ChIJf6vjCYgdai4RS4FHGk8l5fA,positive
RM. KARYA MINANG,Sunter,5.0,,"Kesini mesen rendang. Ikan mujair, sama kerupuk n teh manis , tp yg dateng teh tawar, wkwkwk tp gakpapa , Rendangnya empuk, enak. Ikan mujairnya tasty juga, kerupuknya juga enak. Harga 32k",ChIJlb4cunz1aS4ReIizlJEVc-g,positive
Cafe Kissa - Grand Indonesia,Menteng,5.0,,"Month of visit: February 2026  Letak di east lobby gak terlalu jauh dari pintu masuk. Vibesnya menyenangkan dan menenangkan, japanese taste with a modern twist.  Makanan yang saya pesan enak semua, kalau lagi pengen makan besar bisa consider menu Teishoku mereka karena pilihannya banyak dan dapat condiment macem-macem. Mochi cheese matcha cake (cmiiw) yang saya pesan gong-nya sih, emang kesini awalnya sebenernya cuma mau ngeMatcha tapi ternyata dalam kondisi laper haha.  Staffnya baik dan attentif, bisa kasih masukan kalau minuman yg cocok untuk makanan yg kita mau order, saya kemarin emang laper dan mau coba dessert mochi cakenya jadi kalau minumnya matcha or yang creamy saya takut eneg dan direkomendasikan teh lemonade hibiscus sorbet (cmiiw) dan perfect! ngebalance makanan utamanya dan light seger gitu.  Teishokunya menunya masih baru didevelop, punten masukan untuk saladnya dikasih sedikit dressing dikit deh supaya ga kering bgt gitu hehe, dikit aja slightly biar agak ‘basah’ aja gitu hehe.  Ohya kalau tidak salah mereka ada jual Sake juga ya di menunya, mungkin temen2 muslim yg strict di perihal halal ini bisa di consider ya hehe.  Pokoknya kalau lagi ada budget, suka matcha dan makanan Jepang dan pengen nongkrong cantik gitu di GI recommended to try!",ChIJv5Hqk3_1aS4RragjTcBE44k,positive
Warung Yudit,Duren Sawit,5.0,,Oke lah...top,ChIJJUaM4qLzaS4RRE_XTjU1O_Q,positive
Bamban Resto,Pesanggrahan,5.0,,Tempat nya luas pengerjaan rapi,ChIJ9U__43LxaS4RgEuJmLXF2Uo,positive
Jukut Goreng Sambal Rampai Dilan,Kuningan,1.0,,"Gila aje nunggu 2 lele goreng, sate kulit, cumi, jukut goreng nyampe 50 menit. Terus ternyata belom di goreng. Meja juga ga ada yg beresin. Kita makan di tengah2 sampah makanan orang? Ga lagi deh. The worst street food ever!",ChIJ2ePBqTL1aS4R4C2ju3Dh-ro,negative
"명동갈비 끌라빠가딩 , 자카르타",Kelapa Gading Barat,1.0,,"sudah lama dan sering kesini selalu happy dengan pelayanan dan banchannya yang bisa refill, tetapi hari ini datang dengan kekecewaan. staff yang tidak ramah, bad service, banchan limited. apalagi kimchi dibatasi. lalu jjajangmyeonnya yang biasanya menggunakan mie kuning atau kecil, tetapi ini menggunakan mie besar seperti udon. tetapi staff tidak memberitahu apabila ada perbedaan mie. sangat tidak helpful dan tidak ramah.  kalo bisa kasi service 0 bintang.  mungkin ini terakhir kali akan pergi kesini apabila service dan attitude pelayannya masih seperti ini. 💔💔💔  DAN ADA KECOANYA!!!",ChIJK7RmDUH1aS4RgE3FiW20I9c,negative
Pondok Ayam Bakar Mamake - Radio Dalam,Kebayoran Lama,5.0,,Lumayan makanannya,ChIJmzTI9v_xaS4ROqi_e4YHqxQ,positive
Bangi Kopi Lokantara,Pulo Gadung,5.0,,"Tempat yang oke untuk bertemu dan meeting dengan rekan sejawat. Lokasinya strategis di pinggir jalan besar. Pelayanannya juga mantap. Ketika hendak pindah meja, semua makanan dan minuman dibantu dibawakan. Saya pesan kopi c, mantap. Toast juga oke. Nice, boleh dicoba.",ChIJC6HXUeD1aS4RJXiJqqGNtLk,positive
Family vegetarian,Pademangan,4.0,,"Rasa makanan cukup enak, sayur2nya segar, banyak pilihannya. Dan tempatnya ramai, banyak pembelinya, terutama yg bungkus. Ada gado2, sate, tahu bakso, pare bakso, misoa, ayam, rendang, camilan utk org vegetarian, mie instan, bumbu2 utk org cia chai dan gorengan.",ChIJS0r8tcX1aS4R-wEJY_bI3w8,positive
Rumah Makan 99 & Seafood,Cibubur,5.0,,Masakan enak dan cepat...hanya dapurnya kalau bisa lebih bersih lagi ..,ChIJsW1-Ik6TaS4Ruj5fRI_-qZU,positive
Asyana Resto,Kemayoran,4.0,,Ceklis dalam rangka acara keluarga,ChIJAd4E9sf1aS4RSEIp4jYgBlw,positive
Saka Coffee Roasters,Cijantung,4.0,,"Mampir karena lagi ada kegiatan deket situ. Lokasinya deket masjid jadi gak ada mushola di cafe nya. Pesen magic, double salmon roll, dan kopsu saka (take away). The magic was good, milk and coffee ratio balance. Sushi roll nya tergolong murah dan ok. Sayangnya untuk kopsu saka yang failed, pesen sugar 10 ml only no ice tapi mungkin kurang fokus jadinya malah less coffee dan jadi manis bangett. Next di struk nya ada notes nya ya biar bisa mastiin pesenannya sesuai.",ChIJ0c--lYbtaS4REoM7CNV5uvc,neutral
Dapur Geeyaa,TB Simatupang,5.0,,Lumayan gosend 2 poin,ChIJmXyjK__taS4RQUwL5hlysWU,positive
de' Belango,Matraman,5.0,,TERENAKKK!!!! Paru goreng gak ada yg bisa ngalahin!!! Pilihan makanannya banyak dan fresh semua bikin mau nambah nasi terus :9,ChIJ22NGzGj0aS4RfzjWBTxG7ig,positive
Fried Chicken Master Sunter,Sunter,5.0,,"Their slogan for ""Juiciest Fried Chicken"" is totally APPROVED Bener2 juicy dan bumbunya meresap sampe ke dalem 🤌 Biasanya lgsg beli yg stgh or satu ekor krn makan 1 potong aja MANA PUASSSS 😭💖 kadang dpt yg bagian luarnya agak keras/ bagian dada agak kering tp overall still good. Highly recommend!!",ChIJxbgbBYT1aS4RSmm-77x26Ok,positive
Warung Nasi Uduk Mbak Retno,Jagakarsa,5.0,,"Ini lontong sayur terenak yg pernah ku makannn  Berawal dari temen yg bilang klo masakan betawi tuh enak2 Nyari lah yg deket rmh, liat review gugel katanya disini nasi uduknya enak Beneran aja dong, nasi uduk+lontong sayurnya enakkk, harganya jg cukup terjangkau Manteplah buat sarapan Moga kedepannya bisa masuk ojol ya, kadang pengen tp susah belinya huhu",ChIJp_yQDNLtaS4Ry5JuPHnW9dE,positive
Uncle Z Kopitiam Menteng,Menteng,5.0,,"ngeliat ini di google dan ratingnya oke, pas di survey dan coba sendiri bener2 honest review. makanannya gada yg gagal, enaak semuaaa. yg cari laksa dan hainan mesti coba di uncle z, rasanya oke punya. kopi tariknya beuuh mantap, ga terlalu pait, yg ga suka terlalu manis bisa request less sweet. calamari salted egg nya tipical yg creamy basah gtu, ga enek dan pas dilidah. next time mau coba varian menu lain! service staffnya oke, makanan jg di sajiinnya cepet bgt gaes ga lebih dari 15 menit udah dianterin ke meja. ini debest bgt si! minesnya dingin bgt ac nya, yg ga kuat ac kl kesini pake jaket tebel dah wkwk",ChIJNXkTSQD1aS4RO_9N8HDFV8o,positive
Tiga Sambal,Ciracas,4.0,,"Sangat ramai sekali,jd buat yg mau mkn disana hrs cpt² booking tempat.",ChIJObYeUQ7taS4RnxydYAsDpa4,negative
RM. Akoen Kebon Jeruk,Kebon Jeruk,4.0,,Payment CASH / Transfet only.. Parkir mobil muat 5 unit.. Taste OK tapi kebanyakan MSG jadi bikin kehausan..,ChIJmYAdYB_3aS4Rk3t0WqqnjaY,negative
Ayam Penyet Mbah ji Cakung,Cakung,1.0,,Barusan coba tuker qpon tp lagsg di tolak dengan berbagai alasan... Klu tidak mau pakai promo lebih baik tidak usah ikutan promo..... Blm coba di scan kode udah bilang ga bisa... Masa d kasir ga ada hp buat scan... Klu udah buka mah ga da alasan.... Bilangan hpnya d bawa bos nya...kita mah udah sering pki qpon.... Ketawain aja alasan nya ga masuk logika....,ChIJhQOaEGSLaS4RPTrTW2cww98,negative
Maru Little Cafe,Kebayoran Baru,4.0,,"gabin viral setiktok raya..? untuk ukuran segitu start harga 9k (kalo gak salah ya..lupa) oke sih. ada banyak varian rasa juga, manisnya pas! tempatnya estetikk. kesini niatnya mau diy flowers juga, eh tapi lg gak bisa karena katanya kertasnya habis.",ChIJ9c72LADxaS4RwWNWm6u_6xM,positive
Seselera Lebak Bulus,Lebak Bulus,1.0,,"posting ulang dari shopeefood. parahnya lagi ga dikasih struk buat bukti komplain jadi gabisa. parah. asumsi saya, karena last order, mau buru-buru, masaknya ga diperhatikan. shame on you",ChIJd8CMFfXvaS4RDuAu5fTSUNw,negative
ALBURAQ CAFE & RESTO,Kramat Jati,3.0,,"Shishanya terenak di Jakarta, bongnya selalu bersih tetapi sayangnya kemahalan untuk wilayah tersebut padahal kalau mengikuti harga pasar bakalan rame terus nih tempat.",ChIJxYVyi1nyaS4RlqvrjtIk130,neutral
Padamu Negeri Kemang,Mampang,3.0,,"Area makan cukup besar, area parkir berbagi dengan outlet lain d area yang sama - akan sangat sulit di atas jam 10. Pelayanan bisa lebih ditingkatkan dalam melihat tamu dan bisa agak lebih cepat menyajikan minuman Banyak pilihan menu ringan sampai berat dengan harga relatif tidak mahal Cukup enak untuk tempat ngobrol dan nongkrong 24 jam",ChIJjYW6V3rxaS4RblKbZifEpF4,neutral
Gahyo Korean BBQ,Kebayoran Lama,5.0,,"Sudah sejak lama makan di Gahyo, dari awal di SCBD sekarang di melawai, rasa tetap enak hanya mungkin pilihan bancha tidak sebanyak dulu, capchae nya tetap paling enak, sop sundubucige seger banget harus coba",ChIJl6FDJPnxaS4Rf_a_fjFlDCs,positive
Luc Up Jakarta,Sunter,1.0,,"Tmpt lumayan pw buat nongs tp suara music nya ganggu bgt terlalu gede pdhl diruangan ga rame2 bgt.  Makanan super kecewa bgt di foto sm real beda bgt🥲 ini aku pesen chicken curry rice, super duper very bad bad badddd ga bs dimakan. Nasi keras (kaya beras murah), ayamnya tipis kering, kuah encer bgt. Smp minta kuah lg eh ternyata tambah zonk makannya kek mkn kuah pake curry ga enak bgt. Tertipu sm foto di ig😂😂😂  Minuman masi ok Tolong diperbaiki lg kitchen & MENU nya. Bacanya pusing bgt kek mau bikin makalah panjang bgt",ChIJDziqNzj1aS4RDWrrHEcriQw,negative
Rumah Makan KLATEN Ibu YULI,Kelapa Gading Barat,5.0,,Monggo mampir ke rumah makan Klaten Makann khas Jawa yg bikin kangen.rasanya enak harganya terjangkau pokonya mantab,ChIJo3go-_D1aS4R5OYGVHoU8Dk,positive
Pondok lesehan kebon pisang,Grogol,3.0,,"mohon maaf untuk harganya no worth it toilet nya mohon direnov, parah klosetnya isi tinja semua, untuk AC nya tdk ada, pakai kipas angin pas bukber panas bgt.",ChIJj_IA3jr3aS4R5S3hde5sbos,negative
PUTIEN,Tomang,5.0,,"Agak kecewa sedikit ya. Walaupun mie nya free tapi bagian kitchen nya kurang professional, saya pesan tidak pakai sayur sama sekali. Tapi nyatanya mie nya dimasak berbarengan dengan pesanan orang lain, begitu saya tolak yang ada cuma di angkatin sayurnya. Seharusnya makanan yang salah dibuat ulang jangan cuma di angkatin aja.  Saya salut sama manager nya yang rela mengganti makanan walaupun sudah saya makan.",ChIJHQI5fZT3aS4RZvNpVFrJKvQ,neutral
Story Cafe,Kalideres,5.0,,Serruuuu banget live musiknya bikin suasana rame.. joget bareng temen2..,ChIJ22XDXc75aS4R4Ny0f0ltnls,positive
Warung Pojok Pak Tris,Jagakarsa,3.0,,"Mungkin tutup karena idul fitri Tapi tidak ada pemberitahuan secara tertulis Saya ambil video ini hari Selasa, 1 April 2025 pukul 17:52 WIB",ChIJzZSgNQruaS4RBNnIOX8ZWdU,neutral
Carbón,Epicentrum Kuningan,5.0,,"Cafe Amerika Latin Modern di Jakarta Selatan. Aku suka banget suasananya, warm  and cozy dengan pemandangan metropolitan yang keren. Tempatnya terlihat elegan dan formal tapi ternyata casual. Interiornya sangat bagus, perpaduan konsep desain minimalis dan industrial dengan dominasi warna hitam. Cafe ini dilengkapi dengan open kitchen dan tequila counter yang akan membuat kalian kagum.  Carbon memiliki banyak variasi menu. Beberapa bahan bakunya langsung diimpor dari mexico. Aku datang ke sini dengan teman-teman, kami mencoba beberapa menu best selling mereka.  Untuk makanan pembuka kami memilih atun, Langosta, Coles de Bruselas, El Dragon, dan Infladitas de Cangrejo. Favorit saya baik atun maupun infladitas de cangrejo. Atun rasanya sangat menyegarkan, gurih dan enak. Infladitas sangat tasty ini fried tortilla yang dibentuk seperti puff yang crunchy, di dalamnya ada roasted crab. Super good!  Untuk hidangan utama kami memilih Cordero Carnitas, Lengua Negra, Costilla del Res. Semua hidangan utama ini sangat enak, terutama lengua negra. Wagyu tongue mereka berukuran besar, super juicy dan empuk, ada 2 squce hijau dan putih, ini saucenya enak banget. Untuk menu cordero (lamb) dan costilla (beef) dapat beberapa side dish salah satunya tortilla. Tortillanya in terbuat dari blue corn yang diimport langsung dari mexico, cara makannya semua side dish dan dagingnya disatukan dan dibungkus ke dalam tortilla, lalu dimakan. Wah rasanya bikin nagih!  Trakhir kita tidak lupa pesan dessert seperti Brulee con Queso, Chuddos dan Pastel de Chocotextura. 3 makanan penutup ini enak banget. Menu yang brulee ini sangat menarik karena pada saat disajikan bagian atas brulee akan dicaramelized secara live, menggunakan tongkat besi panas, jadi seperti di cap lalu kluar asap dan aroma smokeynya. Highly recommend!  Tequila counter ini ada 8 pilihan rasa, aku coba yang pineapple, coffee dan coconut. Pineapplenya ok banget. Oh ya disini servicenya supper excellent, protokol kesehatan juga baik, bersih, nyaman banget.  Thank you Carbon! I had the best latin american eating experience here.",ChIJvSqpBeX1aS4Raj0oxQIYZ_k,positive
RM. Pak. Tardja,Kebayoran Baru,4.0,Dapur simpel yang menyajikan sup daging lezat & sate klasik di tempat yang minimalis.,"Karena jakarta lagi diguyur hujan terus, jadinya pengen makan yang hangat2. Cari beberapa review dan memutuskan kesini. Letaknya ada di daerah mayestik, cukup strategis.  Tempat duduknya ada banyak, dan tipe memang warung makan gitu. Ada pengamen yang ga ganggu, memang stay di depan dan kita bisa kasih apresiasi ketika pulang.  Sop Iga Sapi (5/5) Ngaldu and rempah banget. Cukup lembut dagingnya walaupun bukan yang langsung copot ketika di gigit. Porsinya lumayan banyak. Bisa sharing untuk 2 orang. Nah yang unik tuh sambelnya. Sambelnya lumayan encer dan ga terlalu pedas, namun klo dicampur ke kuah sopnya, taste pedas rempah, asam dan sedikit pedas cabai tuh keluar. You must try this soup sih.  Sate Ayam (3/5) Enak namun bukan yang special. Potongan daging ayamnya besar2. Taste kacangnya juga enak, tapi menurutku sedikit kebanyakan kecap.  Maybe akan kesini lagi klo memang lagi dideket2 mayestik. Tapi klo gofood or grabfood maybe akan sering karena soup nya enak banget.",ChIJESc4ZRXxaS4R510BSi_Od5M,positive
mama wulan food,Tomang,5.0,,Mantulll. Harga ekonomis Rasanya Pas di Lidah dan Perut kenyang 😋,ChIJAzCCG133aS4RyxbW2sV9FV4,positive
Epic District Cafe & Resto,Lebak Bulus,5.0,,"Tempatnya asik, di lantai 2 indoor ada billiard yang bebas dipake siapa aja. Minumannya dan makanannya juga oke banget.",ChIJyZASzD_xaS4R7QmsQ_jy1MQ,positive
Blau Eatery & Coffee - Kelapa Gading,Kelapa Gading,5.0,,"Makanannya enak2, western, lokal manteppp.. Kopinya menarik cm blm smpet beli.. Atmosphere jg enak nyaman, cozy.. Rekomen!",ChIJdeVf9Wn1aS4RLP2Ku9rdhC8,positive
Nomou Izakaya Hublife Jakarta,Tomang,5.0,,"1. Weekdays lunch berdua. 2. Tempat kosong. 3. Pelayanan sangat amat ramah dan cekatan 4. Makanan tersedia dengan cepat 5. Semua makanan tdk ada yg fail. Enak, fresh",ChIJcVwVJT33aS4RRe21A5h_C34,positive
Warung Makan Khas Tegal,Kebon Jeruk,5.0,,menu makanan nya banyak murah meriah. posisi pas di perempatan meruya ilir.,ChIJV25-BgT3aS4RXQlVQAI0ZYU,positive
Soto Betawi Nyonya Afung Pesanggrahan,Kembangan,2.0,,"Rasanya kurang enak, sedikit hambar untuk harga semahal itu rasa tidak enak, walaupun dagingnya bnyk Harganya kurang lebih 95 rb sudah incl nasi dan teh",ChIJf3PV0vj3aS4R1t39D0dol2M,negative
Golden Leaf,Kelapa Gading,4.0,Restoran keren dengan taplak meja putih & dekorasi indah yang menyajikan masakan China kelas atas.,"Restoran Golden Leaf Kelapa Gading. Restoran ini menyajikan makanan chinese food tradisional. Makanan di sini porsinya besar jadi kalau ke sini harus rame2 yaa. Saya cobain babi hong, daging lada hitam, pocai 3 telur, dan sup golden leaf. Menu yang disajikan rasanya cukup enak khas makanan chinese tradisional. Daging lada hitamnya recomended banget, katanya sih daging rusa, gak keras sama sekali dan rasanya mantap. Untuk tempat menurut saya agak ramai, jadi pasti kedengeran suara orang lagi pada ngobrol. Servicenya oke. Untuk harga cukup worth the price untuk daerah kelapa gading. Overall cukup recommended.",ChIJN8NrhUD1aS4RlHjVGAbUIwk,positive
Marugame Udon Grand Indonesia,Tanah Abang,5.0,,"Selalu good mood setiap abis makan di Marugame Udon grand Indonesia karna rasanya enak banget ga pernah berubah, tempatnya bersih, pelayanan nya sangat baik dan Ramah. Mas yang goreng tempura nya sopan dan ganteng.",ChIJoyHBTyD0aS4RaV-dSfTPDaQ,positive
Pondok Lesehan Kampoeng Macan,Cibubur,5.0,,"Hari minggu acara arisan ku di sini,Pelayanan nya bagus dan ramah, tempat nya santay, makanan enak,bisa karaoke juga, harganya juga,ga bikin dompet kosong kok... 😂🥰",ChIJe7PkWdmTaS4RvhEjn9SjeqY,positive
angkringan khas solo mba tika,Tomang,5.0,,"Sate2an lengkap! Enak semuanya, harus coba Nasi Bakar Cakalang!! Murah juga 😍",ChIJa2jldAD3aS4RQSHG2yD78j0,positive
Kedai Nyonyah WD,Jagakarsa,5.0,,"Tempat langganan setiap minggu, saat ini layout sudah beberapa kali berubah. Untuk makanan hampir semua oke dan masuk dinlidah, suasana tenang dan nyaman.",ChIJ5TA7_3TuaS4RUNy3i4PJz9U,positive
Warung Makan Bu Santi,Gambir,5.0,,Ada Qris Buat bayar. Tdk mesti cash. Tempat duduk sedikit dan terbatas. Menu Makanan lumayan byk.,ChIJlagJvdj1aS4R902Q82hNfZM,positive
"Smara kitchen and coffee, Puri Indah Mall",Puri Indah,4.0,,"Restonya menyajikan masakan nusantara (jawa) dan western. Saya mencoba :  1. Nasi Kendil empal kriuk garing Nasinya sendiri dari beras yg bulirnya panjang jadi bumbunya kurang meresap ke nasinya. Kurang tepat sih pemilihan berasnya ya menurut saya. Bumbunya biasa saja. Empalnya memang sangat garing tapi suwirannya juga halus jadi waktu makan ini tidak berasa makan daging. Kriukannya yang dari tepung cukup enak bumbunya.  2. Cumi hitam Seperti masakan cumi hitam pd umumnya, cukup enak tapi porsinya kecil.  Pelayanan baik, resto sangat nyaman, durasi penyajian standard. Waktu weekend jam makan di sana hanya beberapa meja yang terisi.",ChIJQzRORQD3aS4RP4orGvJqvxc,neutral
Warung Nasi Mbak Ar,Penjaringan,5.0,,Iga bakarnya enak banget🤤🤤,ChIJeWHF0FYdai4RBQXoftu3XO0,positive
Grandma's Kitchen,Kelapa Gading,5.0,,Makanannya enak dan ga terlalu mahal juga. Ada paket2nya juga. Kek makanan rumahan gitu tp ga halal ya 😋,ChIJBUMsz2_1aS4RaeOP9eR3h1c,positive
Soto Betawi Babe iing Pramuka,Matraman,4.0,,"Pesan soto campur (sapi) dan sate kambing setengah porsi. Dua2nya ENAK. Sotonya masih panas kuahnya, kuahnya sedap, isinya juga lumayan banyak. Satenya ngga bau, dagingnya cukup besar, ada lemaknya sih tapi aku doyan.  Cuma tempatnya ya agak panas yaa. Bukan restoran ber-AC gitu. Dan tempatnya agak susah kali ya buat parkir mobil. Soalnya juga jalan Pramuka lagi diobrak-abrik buat LRT. Kebetulan aku sih naik kendaraan umum ke sini. Mudah2an ngga bikin tempatnya jadi sepi. Karena dari harga juga terjangkau kok. Aku pesan dua menu itu sama nasi dan es teh tawar cuma habis 55 ribu.  Kayaknya ada di GoFood/GrabFood juga",ChIJC08zDl70aS4RUIYpYIdguls,positive
Abuba Steak,Klender,5.0,,Kerenn.  Romantic dinner nya. Mungkin tambahin musik ny biar lebih asik,ChIJVdKSqKiMaS4RSNKEhcCiUK0,positive
Chuan Tin,Kelapa Gading,5.0,Tempat makan berlokasi di mall yg menyediakan aneka makanan otentik khas Cina dan terkenal dgn menu lomie.,"Udah makan dsni dari masih di dalam mall kelapa gading, rasa nya tetap terjaga, konsisten, harga sesuai, tempat nyaman, ada lt 2 nya, bersih & ber AC.  BABI HONG 🐖🐽🐷 nya enak, cah poleng 3 telur, selalu fav dari dulu, super recommended  💯👍🔥😀⭐️",ChIJKZLhaTT1aS4RcmYVtEi1vIc,positive
Depot Surabaya Ibu Hj. Kuwat,Puri Indah,4.0,,"Posisi dipinggir jln,tp agak msk pertigaan.. Kesini malming abis magrib,tp msh sepi pdhl untuk rasa makanannya lumayan loh... Harga terjangkau,tempatnya bersih,parkir bs mobil & motor, ada toilet dan mushola kecil.. Kemarin pesan sop iga,ayam bakar dan es teh manis cm 65k utk porsi standar ya..",ChIJZeHybGL3aS4RapBK25APC78,positive
Rumah Makan Citra Jaya,Senen,5.0,,"Cita rasanya lumayan.  RMP ini Terletak di dekat Halte Pal Putih. Menu standar nasi Padang, tapi tidak ada Ayam Pop. Porsi nasi utk cewek pas, tapi kalo untuk cowok itungannya kurang banyak.  Bumbu paling enak di bumbu rendangnya. Untuk yg lain rasanya standar.  Nasi Ayam : 22K Nasi Rendang : 23K Nasi Tunjang : 27K Nasi Cincang : 27K Nasi Dendeng : 27K Nasi Paru : 22K Nasi Limpa : 22K Nasi Babat : 22K  Paling mahal Nasi Kepala Kakap: 37K  Harga Untuk kaum mahasiswa, anak kost dan karyawan UMR kurang recommended, tapi untuk kaum old cocok karena lumayan enak rasanya.",ChIJybYqAqP1aS4RRgh_An0iCMk,positive
Rumah Makan Baru,Menteng,5.0,"Kedai kecil yang menyajikan mi, pangsit, dan masakan rumahan China lainnya di tempat simpel.","Sebuah rumah makan Cina yang klasik dan homey, namun perlu kesabaran untuk menunggu makanannya karena hanya dimasak oleh seorang Ibu dan untuk makanannya disajikan dan dilayani oleh seorang Bapak yang sangat ramah.  Untuk pesanan sendiri saya memesan Ayam Nanking, Puyunghai, Ayam Goreng Mentega, Cap Cay, dan Nasi Goreng.  Dari profil rasa saus nanking dan saus menteganya lebih gurih ke arah manis.  Untuk makanan sendiri halal dan pembayaran bisa menggunakan QRIS.",ChIJsyp_HzH0aS4R1lEzAze3cJA,positive
𝑿𝒊𝒂𝒏𝒈 𝑳𝒂 𝑿𝒊𝒂𝒐 𝑪𝒉𝒖 🇨🇳,Penjaringan,5.0,,"pertama sekali kesini diajakin temen, saya kira rasanya akan sama dengan masakan2 china pada umumnya, tapi taunya rasanya beda, disini masakan china yg paling enak yg pernah saya coba, terima kasih chef atas masakannya yg enakkk, kalian layak mendapatkan bintang 5, puas sekali..",ChIJuX2MfVYdai4R9E1gBMyz5xk,positive
Jun Njan Restaurant,Gambir,5.0,Restoran dengan dekorasi dan suasana China modern menyajikan menu santapan laut sejak tahun 1956.,"Sering ke sini sejak kecil untuk menikmati hidangan lautnya, yang menjadi ciri khas restoran ini.  Tetap tidak mengecewakan dalam hal nostalgia rasa, layanan dan pengalaman menyantap hidangan yang berkualitas dan sukses menjaga konsistensi rasa.",ChIJmb3kSSH0aS4RnUDhQeAnc4w,positive
OM KIDANG,Cilandak,5.0,,Makanan khas Bumiayunya mantab. Apalagi ownernya ramah ke pelanggan. Tempatnya juga nyaman. Apabila ada orang Jawa yg kangen masakan Jawa dan tinggal di daerah Terogong dan sekitarnya monggo mampir ke warung ini. Bakal nagih 😁👍🏼,ChIJuZEPnurxaS4RoQ7NMY92lBA,positive
WARTEG JAYA BAHARI,Kembangan,5.0,,"Makan enak murah disini aja. Kalau ga jauh bisa free delivery, keren",ChIJ-79XH0L3aS4RoaQaT128Nss,positive
Hidangan Dapur Minang,Taman Sari,5.0,,Good joob sambal nya mantap,ChIJp2tt2t31aS4RtEzwo61Hu3Q,positive
THE PANDAN CLUB,Cilandak,5.0,,"makanan nya enak, worth it dgn harga nya, tempat nya juga cozy, pelayanan kak gita juga ramah bgtt. next time bakalan balik lagi",ChIJnSS9IcrxaS4Riky6Yg8LN5Y,positive
Warung Pakubuwono,Kebayoran Baru,5.0,,"Sering makan kesini kalau ke Senayan, harga makan gw mentok2 25an lah, makanannya enak, koki nya asik",ChIJg_MVixDxaS4RUyJKllAIoD8,positive
Rumah Makan Aceh AS Siglie,Pasar Rebo,5.0,,"Real makanan aceh. Bumbunya khas aceh berasa dan berani, yang dipesan semuanya enak dan recomended. Pesen mie aceh rebus polos, visualnya okeh. Cane susu mesis, not bad. Leboh timan jeruk nipis, seger banget pesen di siang hari, asem manis rasanya. Dan harganya juga masih standar. Kebetulan lagi anter ade tes di brigif, nemu tempat makan dan istirahat sebentar cocok banget. Parkiran mobil bisa muat 1 atau 2 lah ya",ChIJe_xkm0ntaS4RF9BXYGUJd7A,positive
Sky Loft,Menteng,5.0,,"Pertama kali kesini selain amaze sama ambiance dan pemandangan citylight nya, pelayanannya pun bagus bgt, ramahh dan sangat helpfull terutama Mas Joni yang sering membantu dan aware saat dinner disana, begitupun dengan staf lainnya. goodjob!",ChIJ59ncNjD1aS4RiMhQXZWIJig,positive
Rumah Makan Mekar Jaya,Mampang,5.0,Tempat makan simpel 24/7 dengan interior santai dan penuh warna yang menyajikan makanan Padang populer.,"Ada otaknya yg gurih lembut gede ga bau, ada teh telur yg kental manis tehnya berasa bgt, pelayanan sgt cepat, ruangan luas, musholanya dipisah wanita pria, parkiran ada, harga terjangkau",ChIJgXadmtvzaS4RR4hMHiq5GS0,positive
Nasi Bakar Dewi Kitchen,Lebak Bulus,5.0,,Masakannua enak,ChIJUbjwIN_xaS4ROToZyvFK49I,positive
Resto Yougwa Danau Sentani,Gambir,5.0,,A nice place to get Papua & Manado food in Jakarta. Would totally come back for the papeda and ikan kuah kuning,ChIJtQOI1UL1aS4RiRzn_EedaNY,positive
Marufuku,Kebayoran Lama,5.0,"Restoran simpel yang menawarkan hidangan Jepang, seperti mi kuah, sushi, dan sake.","Awalnya sempat ragu krn lihat rating di google. Pilihan2 menunya kebanyakan makanan authentic khas Jepang. Setelah dicoba, cukup kaget karena ternyata makanannya enak2. Sy pribadi suka dgn chawanmusi, katsu, dan grill sate nya. Sangat recommend untuk yg suka variasi makanan Jepang yg jarang ditemui di resto Jepang biasa.",ChIJIWf6DWzxaS4R2ozEJ6Vlcqc,positive
Ayam Goreng Cabe Ijo Mas Hendy,Cempaka Putih,4.0,,"Harga nya cukup murah standar, rasanya enak, ukuran untuk ayam dan lele nya pas, nasi nya juga banyak. semua yg dipesan itu enak dan pas 👍🏼😉 tapi mungkin ini porsi yang ceker mercon nya ya sedikit ternyata 😂 Bisa refil es teh manis tidak hanya tawar 👍🏼",ChIJs6iubCD1aS4Rw5KObRnjbLY,positive
Warung Solo (Warsol),Bintaro,5.0,,Tempatnya strategis  cocok untuk makan malam,ChIJZRmRqNrvaS4R3jYGyT6HcNU,positive
Nasi Akwang Taman Palem,Cengkareng,4.0,,"sudah beberapa kali pesan untuk dibungkus, tetapi tidak sesuai pesanan  pegawai nya tidak memperhatikan dan terlalu banyak ngobrol & bercanda",ChIJa4wm3P_3aS4RxyS8evqCPhw,negative
WARUNG MAKAN SEDERHANA IBU IJAH,Kembangan,5.0,,Kenyang sambel enak,ChIJX_VK4k_3aS4RZdUVmfmEpk4,positive
Warung Sego Pecel Mbak Lastri,Pondok Kopi,5.0,,"Gak salah jauh-jauh dari Cikarang makan disini sekalian main ke gg. Masjid ke daerah masa remaja dulu. Saya makan nasi pecel lengkap sudah ada peyek dan tempe goreng tepung, bumbu pecel terlalu banjir tapi enak (bisa bilang jangan banjir) Sate urutan, Paru2, bakwan jagung, bakwan udang rekomen. Nasi urap juga enak cenderung manis, botok enak lebih mantap kalau ada lamtoronya. Untuk harga murah makan berdua habis 50rban sudah sama minum es teh manis.",ChIJt6LkvsGMaS4R0jZkKbghefo,positive
New San Thao,Kebon Jeruk,3.0,,"Update: Kemarin balik lagi setelah dikasih diskon 50% sebagai ucapan minta maaf atas keterlambatan makanan keluar & insiden jarum 2 bulan lalu. Nyoba beberapa menu lain yg lebih berasa dibanding sebelumnya. Ayam goreng madunya lumayan tapi agak terlalu manis. Gurame asem manis nya jg oke. Udang goreng mayo nya kali ini garing bgt, tapi lindungnya ttp enak.  Makanannya keluar jauh lebih cepet dari pengalaman sebelumnya, tapi servisnya masih rada mengecewakan; seringkali mesti nanya 2-3 kali untuk sesuatu sblm dikerjakan, sempet dpt alat makan yg kurang bersih, dan overall terasa koordinasi/komunikasi antar staff agak chaos.  _____________________________________ Makanannya lamaaaaa banget keluarnya. Duduk jam 1, pesen 6 item makanan jam 1:15, makanan baru keluar 1 item satu jam kemudian. Semua makanan baru keluar jam 2.45. Pas ditanya katanya yang masak cuman 2 orang, padahal restonya lg full.  Makanannya biasa aja. Nasi goreng merah & Hokian Lomie Bagan nya sedikit hambar. Gurame Tahu Tausi & Udang Goreng Mayonya standard. Yang paling oke Lindung Cah Fumak.",ChIJxWC3RQ73aS4RtN0GeN51A0w,neutral
Sop Buntut H Soedik,Sunter,4.0,Restoran masakan lokal berdinding bata terlihat & berdekorasi kayu gelap dengan menu utama sup buntut.,Tempatnya tepat di pinggir jalan di pengkolan Parkiran spacious. Ambiencenya jadul dan remang2.  Pembayaran hanya dg tunai atau transfer.  Beli sop buntut goreng. Enak lembut. Untuk kuah lebih cenderung gurih garam. Overall memang enak akan tetapi menurut saya cukup overpriced.  Satenya lembut akan tetapi bukan yg terbaik.  Pilihan menunya memang sedikit karena specialtynya di sop buntut.,ChIJN1X7V3z1aS4RvIuiFhZxCfw,positive
DAPOER WISNU & RAYHAN,Kalideres,5.0,,"Tempat Makan Mur Mer, Enak...!!!",ChIJ0yg-k5wDai4R-RAyU9laeG8,positive
Bungkushin x Tjerita Manis x KariKami Goldfinch,Menteng,4.0,,"Baru sempat nyobain nasi kari yg viral ini. Here's my two cents :)  Pros : 1. Nasi Kari Ayam dan Sapi nya tidak salah lagi, memang TOP. Kari nya kental dan tasty, ayam dan sapi nya juga empuk dan juicy 2. Tempat cozy untuk bawa keluarga dan anak2  Cons: 1. Minta kuah kari dipisah, katanya gak bisa. Hitungannya kena charge ekstra kuah 2. Dikasih sambal seiprit, mau minta nambah juga kena ekstra charge 3. Musik dalam resto terlalu keras 4. Tanaman artificial di atas meja berupa tabung tipis sangat mengganggu. Tidak menambah estetika malah sangat mengganggu 5. Hanya menerima pembayaran cash dan debit. CC tidak diterima di resto ini",ChIJw7ZzDaT9aS4RfA8vHiUdTIQ,positive
Mayo Resto,Pancoran,4.0,Restoran simpel bernuansa santai yang menyajikan hidangan tradisional Indonesia bergaya rumahan.,Tempat nya bersih dan nyaman cocok banget buat bawa Sama keluarga kumpul tempat nya dan suasa nya kaya desa bngett dah masakan juga has yoroboyo sukses trus buat mayo,ChIJVY4TqZfzaS4RzyY4w0XUsWg,positive
Warung Nasi Sopo Nyono,Kuningan,5.0,,Bisa pesan antar dan orangnya ramah,ChIJmXQ6s9_zaS4RftzA7k-Z3nY,positive
Rumah Makan Cahaya Baru Masakan Padang,Pancoran,5.0,,Tempatnya bersih,ChIJG47GpArzaS4R6-dRYAb2K5Q,positive
Warung Empal Gentong KEPRABON,Pulo Gadung,5.0,,"Makanan nya enak, porsi nya pas Empal nya besar2 ga pelit lagi, empuk juga dia pakai kucai, bukan sledri  Layanan nya, bapak ibu nya ramah",ChIJObgr1bv0aS4RrW7z90giBB8,positive
Rumah Makan Sahabat Baru,Cakung,5.0,,"udanya frenly, nasi dibanyakin mulu, enak.. Padang banget",ChIJV9Vbnu-NaS4R-Jl2N-pCILY,positive
GOOD FOLKS,Menteng,2.0,,"Datang kisaran jam 12.30. Gak terlalu full di jam makan siang. Masih ada beberapa eja yg kosong. Tp kayanya agak hectic di kitchen. Suka sama suasana cafe nya. Di outdoor juga adem banget. Kopi arennya enak. Yg aku pesen soto jakarta. To be honest sotonya agak asin dengan kuah yg cukup thick. Okelah di akalin pake lime and sambel. ini soto pake brisket nah dagingnya chewy banget. Susah di kunyah. Di potongan kedua agak gak bisa ketelen, tapi ku paksa. Dan ada nasi putih yg kering, so sad. Bikin hilang selera makan gak lanjut ku makan. Masih sisa banyak sekali sesuai di foto. Ketika di rapihin table nya udah di sampaikan sih ke waitress. Semoga ada improvement.",ChIJe_2gFFX1aS4RGwGjrMdnoV0,negative
Warteg Dewi,Koja,4.0,,"Baru makan di sini, mantap lele goreng kremes nya",ChIJAemUP-Mfai4R6KZVx6OQ-Ps,positive
Pungbu Korean BBQ,Pesanggrahan,5.0,,Ambience nya bagus berasa lagi dikoreaaa. order premium kotsal galbi enak banget banget manis guriih masih kebayang sama rasanya sampe sekarang😭 supnya oke buat sharing bareng keluarga. Restonya recomended banget! Wajib balik lagi sih ini,ChIJzWdkPwfxaS4RiYAappza5FA,positive
Sambal dan lalapan cundamanik,Kuningan,5.0,,"Baru nyoba makan di sini enak banget sambel nya juara, pelayanan nya jugaa oke",ChIJ1XyePzvzaS4RtCnhNYZgLjo,positive
Asap Sambal 'Sei Sapi' - Tanjung Duren,Grogol,5.0,,"Resto yang lebih membuat saya yakin bahwa Sei Sapi > BPK🫡🫡 . Cocok bangett kebetulan pesan yang Super dan kualitas dagingnya mantul! Sambelnya pula tasty dan ga terlalu pedes, cocok untuk semua kalangan lah ini! Ke tanjung duren janlup kesini yak!🥶",ChIJG3eaiDL3aS4Rm-0p56MZEZk,positive
Rm. Batavia Minang,Pluit,5.0,,"Pegawainya gercep.makanan enak harga murah. Hahahahaha Yap benar sekali klo kalian datang makan siang siap2 saja ngantri ya. Rasa makanan padang di sini untuk harga standard lumayan enak, saya biasa pesan ati ampela pedas beserta krupuk kulit siram. Bisa bayar pakai qris. Untuk parkir mobil aga susah . Parkir motor tersedia banyak",ChIJB9bC6Pgdai4RDe1KzJkak44,positive
Rm Makassar,Tanjung Priok,4.0,,"areanya mudah di lihat karena posisi di depan jalan. hanya tak ada parkir mobil, jadi harus parkir di alfamidi samping RM makasar",ChIJOfHFe8Ifai4RjWSmOEPu_1g,neutral
Soto Betawi Nyonya Afung Pesanggrahan,Kembangan,5.0,,"Soto Betawi banyak yang enak di Jakarta ini, memang favorit makanan dari kecil juga. Tapi soto betawi enak yang tempat nya paling nyaman saya rasa di Ny Afung ini. Cukup banyak pilihan isinya, saya biasa pesan paru urat. Ada soto mie juga disini. Yang menarik bisa pesan acar bawang merah yang enak dengan harga cukup murah.",ChIJf3PV0vj3aS4R1t39D0dol2M,positive
Warung Bu Ngantuk Mangga Besar,Sawah Besar,5.0,,"Kuliner Legend, makanan enak, harga tinggi, porsi banyak. Dulu buka jam 1 pagi sekarang buka jam 8.30 malam depan cucu salon.",ChIJw5xR4An2aS4Ryrg6rZgqM8Q,positive
RM MANDALA,Tanah Abang,5.0,,Cukup enak baik & bersih tempatnya.,ChIJve-ZGzX3aS4RxUXEIK3vwV8,positive
Saka Coffee Roasters,Cijantung,4.0,,"Tolong adminnya lebih teliti lg, saya udh reservasi dan langsung bayar deposit h-5. Tiba” pas dateng ke tempat, saya gak ada dilist reservasinya Untung tertolong makanannya enak” ya, dan gercep langsung bikin meja cadangan dan untung makanan kita juga gak telat. Walaupun saya ber6, tp mejanya dapet buat ber4 org. Padahal bilangnya mau ditambahin, tp sampe selesai gak ditambahin juga Tolong diperhatikan lg, karna klo org lain datengnya telat dan makanan dan tempatnya gak ada. Tp mereka mau buka puasa, kan kasian harus nunggu",ChIJ0c--lYbtaS4REoM7CNV5uvc,positive
Rempah Sunda Kuningan City Mall,Kuningan,5.0,,"Suka suasananya, pelayanan cepat. Makanan masih terasa fresh. Saya pesan ayam taliwang, tidak terlalu pedas, agak kering ayamnya tapi masih enak. Untuk minuman saya pesan kunyit asem. Di infused on the spot dengan air mendidih. Sangat segar dan bisa di refill.",ChIJj749dgDzaS4RBqr7SV2_Xrs,positive
Resto Ayam Uleg / waroengku Ayam Uleg,Sunter,3.0,,"Makanan nya enak, udh sering makan disini tpi sayang pelayanan mba"" nya aga judes ya, orang masih makan lampu udh dimati""in. Saran aja si klo emng dirasa waktunya udh gabisa buat makan ditmpt tinggal bilang aja bisanya di takeaway, jngn org lagi makan dipertengahan lampu dimati""in, bikin gaenak makan, saya dtng juga masih setengah 9an itu juga karna saya&kluarga sepulang taraweh dulu baru Dateng kesana. Intinya sopan aja si buat mba""nya yg matiin lampu",ChIJxVo2FAkfai4Rz5Y2h4Ef_Ic,neutral
Golden Palace,Tanah Abang,5.0,,Makananya enak² sukaaaaaaaa 😍,ChIJVV3Stb32aS4R1AztkHcrGjw,positive
Warung AA,Palmerah,1.0,,Lambat,ChIJR6mqQ8L2aS4RXMOhEOysr-g,negative
ENSHO,Sudirman SCBD,5.0,,"It was a great dining experience! Semua staffnya friendly & great service, suasananya nyaman banget, shabushabu nya enak & punya clean taste, dagingnya lembut banget gausa ditanya lagi! side dish fav aku sih salmon cheese stick! must try!!",ChIJlagg6uHxaS4R9JOaVQwup2w,positive
Rumah makan Padang Berkah Jaya,Senen,4.0,,"Lokasi strategis di Jl Salemba, tidak tersedia area parkir mobil, area makan tidak terlalu besar namun cukup bersih, pilian menu beragam, pelayanan baik, cepat & ramah, harga murah (nasi +rendang + teh tawar rp 18k), rasa enak",ChIJSYtX5A31aS4R5H_Y19nQlII,positive
Mattea Social Space - Cempaka Putih,Johar Baru,5.0,,"Beneran sekali liat tempatnya langsung suka. Ini beneran perpaduan tempat nongkrong sam tempat bikin tugas. Suasananya nyaman, ngga berisik dan colokan listrik bertebaran banyak banget. Jadi pas kalau mau kerja atau sekedar nongkrong aja. Cobain hot latte sama matcha lattenya memang enak.",ChIJadN7g3v1aS4R2nXcwychnkc,positive
Warung Monggo Mampir,Johar Baru,1.0,,"Pas gak terlalu rame, nunggu makanan order by QR di Meja bisa nunggu lama banget.",ChIJizglrQf1aS4RyX1XCPnke_o,negative
Abuba Steak - Citra Garden,Kalideres,5.0,,"Abuba memang top untuk kualitas steak nya. Dan pelayanan disini mantap. Saya ketinggalan kunyit seplastik, eh sebulan kemudian makan lagi disini dikembalikan dan pramusaji ingat sama saya wkwwkk.  Mantap.  Ssst di foto saya tambahkan kunyit. Rasanya makin enak mantap.",ChIJL3gSdboCai4RrX8Ugq8C6xw,positive
Warung Sunda E'Ceu Kokom,Senayan,1.0,,Datang bersama team lunch sekitar 16 orang. Bill 2jutaan gak sebanding dgn service nya. Buruk sekali. Makanan lama banget dan datangnya satu2. Terus banyak yg keliru tidak sesuai pesanan. Minum baru disajikan pas udah kelar mkn itu juga krn kita minta berkali2. Waiters dipanggil2 gak atau pura2 gak dengar. Complain via wa tidak ada respon.,ChIJi3dksiz3aS4R1pj7_o4FhhU,negative
Kedai Rasea Tebet,Tebet,1.0,,"Harga mahal kualitas ga bgt, roti keju daleman masih keras pake keju murah bener2 keju tok ga pke susu ,,roti bangka ga begini kualitas nya, harga satuan diabngka 4000 aja udah sgt2 enak mewah bgt pake susu, JANGAN BAWA2 nama daerah gue BANGKA,, ga pantes",ChIJlXtYJWDzaS4RpLlMW-h9oEM,negative
"Rainbow Restaurant, Beer, and Karaoke",Cengkareng,5.0,,Sekarang berubah nama jadi MUSTIKA SEAFOOD,ChIJH40FCxsdai4RViq0PxZiuw4,neutral
Pandawa Lima,Daan Mogot,5.0,,"Semua makanan di menunya bener2 enak, terutama Ikan Woku nya. My go-to restaurant klo orang rumah lg gak masak, tp pengen comfort food dgn harga bersahabat. Fyi, yg bersahabat bukan hanya harganya loh, tp ownernya jg. Bener2 top notch service in terms of every aspect for a personal business. Sukses selalu, Kak, salam dr salah satu pengemar di daerah Kedoya :)",ChIJFVGxqJP3aS4RBVUndrQ9ivo,positive
Pondok Makan Selera,Kramat Jati,4.0,,ayam bakarnya enak,ChIJx40r7_ryaS4REKqfpSasxfA,positive
Wancan - Hainan Chicken Rice,Cilandak,5.0,Restoran China kecil yang menyajikan hidangan khas Hainan tradisional di tempat simpel.,"Kasir merangkap jadi koki juga , hanya ada 2 staff Ruangan berAC tapi tidak dingin ... Untuk makanan menu nya sedikit , untuk nasi Hainan tidak terlalu strong rasanya ... Tapi okelah",ChIJWYao3NDxaS4Rn0vkLXfdMWg,negative
Sate Solo Minto Redjo Kelapa Gading,Pulo Gadung,4.0,,"Datang pas jam makan siang Utk bawa mobil agak sulit mendapatkan parkir Dari segi tempat ga cukup luas tapi bisa buat ramean (ada lantai 2 juga) Pas kesana pesan : tongseng bakar, tongeng kuah, mie goreng sapi, nasi kebuli dan sate sapi Untuk rasa makanan tongsng nya mirip tengkleng harus nya (agak kentel berempah gt) Tongseng bakar lebih kental kuah nya Mie goreng nya ok, banyak porsi nya, dapat telor ceplok dan kerupuk udang Nasi kebuli rasa nya ok, cuma warna nya agak lebih coklat dibanding kebuli yg biasa dimakan. Pelayanan nya ok, ibu nya juga ramah ☺️ Oh ya disini pilihan menunya beragam bisa sapi, kambing atau ayam.",ChIJpeqMMN_1aS4RZm2xwaMvRCE,neutral
Warung Makan Mahardika Rawamangun,Pulo Gadung,5.0,,"Bersih, bisa bayar dengan Qris, siap dari pagi hari",ChIJ3bjaQOX1aS4RkUJSNwoI1fk,positive
Warteg Oji Jaya As Zahra,Cempaka Putih,5.0,,"Masakan nya enak nih kayak masakan rumahan, tapi tolong bang oji etalasenya di kasih hordeng kecil soalnya saya pas makan liat lalet 1 terbang² di dalem etalase nya",ChIJBcULdrL1aS4R9-W6awuBijc,positive
Nasi Gandul Bu Endang,Kebon Jeruk,5.0,Restoran simpel bernuansa minimalis yang menyajikan masakan Jawa sehari-hari.,"Rasanya authentic jawa tengah, pantes aja banyak artis yg pernah makan ke sini. Semoga ke depannya buka banyak cabang, asalkan kualitasnya tetep dijaga. Baru cobain nasi gandulnya, masih penasaran dgn menu lainnya. Nasi gandulnya gurih manis, porsinya pas, gak terlalu dikit, tinggal tambah side dish aja kalo masih kurang kenyang. Pelayanan cukup cepat, cuma sayang vibes makannya perlu di renov (kurang oke). Parkirnya berbayar di pinggir jalan.",ChIJFadL0xH3aS4R7wKd-pwh30U,positive
Warung Sate Tongseng Kambing Restu Ibu,Ciracas,5.0,,Mantapp,ChIJd39Zxt7taS4R79MPuVeUoJA,positive
Warung Ibu Yati,Pasar Minggu,4.0,,Ini gado2 dr jaman smp harga masih 7rebu sampe sekarang 15rb tetep enak si.... Tp kalo beli disini harus siap ngantri...,ChIJb2SE4m7yaS4R6FI1oECe6tE,positive
Yello Cafe Taman Kuningan Mulya Jakarta,Epicentrum Kuningan,4.0,,"Makanan nikmat dengan harga bersahabat, dekat dengan perkantoran di area Kuningan Mulia ini cocok dengan selera dan kantong anak kantoran. Disajikan dengan plating ala restoran. Wajib untuk dicoba jika berkantor atau lewat sekitaran Kuningan Mulia.",ChIJdZg1k171aS4RQKaOeRyN-Sc,positive
Resto Salemba 43 - Hakka Chinese Food Sunter & Bubur ( Bakmi Salemba 43 ),Sunter,4.0,,"Sesuana khas oriental, porsi lumayan besar, harga relatif, service gercep, sayang rasa kurang mantap. Tapi yg mantep tahu nya...semoga diperbaiki kedepannya.",ChIJ3eDI7AP1aS4RCaHhvqdAG_8,neutral
Juju Restaurant Chinese Food,Kemayoran,5.0,,"Nasi Goreng Seafood sungguh terbaik sepademangan. 14 Tahun lalu kesini, rasanya masih enak dan begitu memberi kesan nostalgia pada kenangan masa lalu. Rasa gurih kecap ikannya, minyak ada rasa bawang hijaunya. Duh ga mampu saya deskripsikan dengan kata kata. Enak, harus nikmatin langsung.",ChIJJ1co6oz1aS4REKscCvvnQX4,positive
Osaka Food Indogrosir Kemayoran,Kemayoran,5.0,,Rasa mewah.. harga sesuai... porsi mantab,ChIJtxAGDNr1aS4Ra5BR_J7JpU8,positive
PHUKET Citra,Kalideres,5.0,,Rasa tomyum nya gak pernah berubah selalu enak. Udah cobain semua menu disini paling suka sama tomyun nyaa. ❤️❤️,ChIJN4HLjLkCai4RFTN5T_4l6qI,positive
Warung Tekko,Kuningan,5.0,Kafe untuk keluarga dengan hidangan Indonesia populer seperti sate & bakso di tempat keren berlampu lentera.,"Rumah Makan Masakan Indonesia yang Comfort Food . Tempat dine in luas ada indoor dan outdoor. Pelayanan ramah dan cepat. Kesini kebetulan memang untuk ganjal perut saja jadi cuman pesan Ketoprak dan Kopi. Untuk harga sedikit pricey tapi masih oke. Rasa juga aman, semua orang pasti cocok. Cabangnya juga ada banyak di Jakarta, jadi boleh dicoba sendiri 👍",ChIJpYnN1vbzaS4RW3DJImwnQKk,positive
Kedai Nyokap Gw,Jagakarsa,3.0,,Tempatnya kaya pangkalan ormas... karaokean dangdutnya bikin pusing,ChIJQQvPqYztaS4RkPWTYZdiTpA,negative
Warung Tekko Kelapa Gading,Kelapa Gading,5.0,,Jamur crispy nya enaaaak banget. Ikan asam manis nya juara. Tempatnya juga nyaman cocok untuk lunch dan kumpul bareng bestie. Harganya juga terjangkau.,ChIJvRyCxS_1aS4RP3TopQhbiL8,positive
Sate Padang H. Ajo Manih,Pulo Gadung,5.0,"Tempat makan simpel yang nyaman, menyajikan sate Padang & kuliner kaki lima lainnya hingga larut malam.","Sate Padang dengan aneka pilihan. Daging, usus, lidah,jantung. Kita bisa order sesuai selera. Lumayan banyak dan besar potongan dagingnya. Bumbu rempah nikmat. Kursi tempat duduk cukup banyak Dan ada parkir untuk motor. Untuk Mobil perlu trik sedikit karena parkir agsk di tengah jalan. Bisa order untuk dibungkus. sedaaap",ChIJg8n6zJX0aS4RO4MjqitNM7I,positive
Rumah Makan Maharani (Prasmanan Khas Sulawesi),Sawah Besar,5.0,,"Kata yg jaga, RM ini blm lama buka. Sebagai RM yg ngambil kuliner dgn menu khas sulawesi (meskipun ada beberapa masakan yg biasa ditemui di warteg), RM ini layak masuk dlm dftar kunjungan. Rasa khas rempah bumbunya lumayan. Harga juga terjangkau.",ChIJJyPr-0H1aS4R_PPsimu7-cs,positive
Tinggal Makan Aja,Tanjung Priok,5.0,,Mantap,ChIJrRJVCskfai4RjpL6N6iBd9s,positive
Warung Tekko Kelapa Gading,Kelapa Gading,5.0,,Tempatnya cozy banget. Pelayanannya ramah. Cocok banget buat nongkrong bareng bestie. Makanannya enak2 banget.,ChIJvRyCxS_1aS4RP3TopQhbiL8,positive
Nasi Dower Kemayoran & Waroeng Garuda,Kemayoran,5.0,,"Tempat nyaman Harga terjangkau Makanannya enak2 apalagi bebeknya bumbu meresap sampai kedalam, dan empuk .. Pelayanan sangat ramah  Thanks",ChIJ9aIda2b1aS4R3COOzTMauIM,positive
Restoran Sederhana Padang,Tanah Abang,5.0,,"Dpt kremesan dan kuah rendang walau aku pesan dendeng basah bukan rendang. Dendengnya lembut. Sambalnya gak bikin panik kepedesan. Jadinya enak di mulut, enak di perut ❣️ o iya toiletnya bersih!",ChIJEe4_NyT0aS4RwzzMobtiFMs,positive
Sumber Bistro Bakmie Seafood,Koja,5.0,,Bakmi goreng ayam nya legend deh.. sedap banget.. thanks ya koh alvin free delivery nya ! hehe..,ChIJW4Pmge0fai4R7yPEZUWq3NQ,positive
FGH RESTO,Klender,5.0,,"Mantaaap,ramah orangnya",ChIJ2QV970qNaS4RRRCcAghp7eI,positive
Rumah Makan Karya Bundo,Sunter,1.0,,"asin, penjualnya galak, kalau makan ditempat porsinya jauh lebih dikit dari warung lainnnya.",ChIJI-8F8Nb1aS4RhpMl6nGGce0,negative
Warung Sunda Neng Chacia,Kembangan,5.0,,"Alhamdulillah beli makanan Ahad 9 Juli 2023. Qodarullah pihak Warung lupa memasukkan ikan nila goreng ke plastik saya. Sampai rumah tidak ada. Saya search di Google, ketemu. Hubungi pihak warung, Alhamdulillah direspon dengan amat baik & makanan saya diantarkan sampai rumah. Alhamdulillah rasanya enak & mau special order tidak pedas sama sekali karena kami tidak suka pedas.",ChIJR8KWg0b3aS4RIGxHs2asTbY,positive
RM BERASTAGI CILILITAN,Kramat Jati,5.0,,Sungguh lezat,ChIJ_emiAgDzaS4Rtr0y9QpnFlQ,positive
Seribu Rasa Menteng,Menteng,5.0,,Dapat undangan untuk makan fancy lunch disini. Uda tahu bakalan menarik karena menu nya tergolong oke Dan Indonesian food menjadi andalan. Yang dipesen sop buntut sapi lads hitam kakap asem manis. Semuanya enak. Minumannya harga cukup mahal jadi buat kaum mendang mending sebaiknya melipir dl. Siap in budget aga lebihan ya. Tp ke bayar dgn suasana resto tempatnya bagus Dan mewah..  Appetizer nya Ada lumpia udang juga mantap. Kayanya menu nya enak smua ga Ada yg gagal. Ma kasih 1000rasa sudah menjual Indonesian food elevated.,ChIJR2I0yCX0aS4RnsVGtM67WiI,positive
Pondok makan 96 seafood,Pondok Kopi,5.0,,"Makanan ya enak, layanan ya cepat dn suasana ya yaman",ChIJ5VNPioaNaS4RZiJAXv-CHIs,positive
SHSD Sambel Hejo Sambel Dadak Tebet,Tebet,4.0,Menyediakan pilihan makanan otentik ala Sunda dan paket nasi. Interior bernuansa tradisional Indonesia.,"Seru-seru untuk varian masakannya dan tempatnya juga bersih. Untuk rasa tergolong aman & cocok untuk lidah Jakarta, tapi belum yang istimewa. Paten!",ChIJgza2qpvzaS4RAIV7dZago2U,neutral
RM Kota Buana,Pondok Kopi,4.0,,"Tempatnya persis di pinggir jalan dan tidak terlalu besar. Parkiran kecil.  Makanan cukup komplit (otak dan belut), begitupun dengan aneka kerupuknya. sayang tidak ada emping.  Bumbunya meresap.",ChIJsw8uQsKMaS4RqVhUGavvpSE,positive
Sea Food 57 Cak Mul,Matraman,5.0,,Ayam saus padang nya recomended 👍🏼,ChIJde5qGeX1aS4Rx8oGMR-5Nag,positive
''warindo'' (warung Makan Indonesia),Pasar Rebo,5.0,,"Di sebelah warindo ada"" HENNY KITCHEN "" SOMAY AND DIMSUM NYA JUARA BANGET RASANYA THE BEST BEST BEST!! Kopi olahan barista HENY KITCHEN juga ga kalah juara rasanya! Nyesel kl ga mampir!!",ChIJi5jVWq3taS4RjDh0QtP_QBk,positive
Roku-Roku Japanese Food,Cilandak,3.0,,"Bintang 3 bukan 1 karena harganya masi sangat terjangkau kebantu banget lah karena harganya ramah dikantong.  Gorenganny sangat menggugah selera saat dilihat tapi tidak saat si rasakan hihi!!  Tapi untuk menu curry nya boleh lah dicoba, bumbu currynya enak dan wangi!  Teriyakinya not bad tpi harus pake nasi krena beneran asin cuy!  Total pesenan ku hanya 126.000  Rame pol nunggu nya mayan tapi tempat duduknya lumayan banyak jadi masih aman lah.",ChIJFV2LW-rxaS4R6dtR33fY3sg,neutral
You Coffee and Resto,Jagakarsa,5.0,Kopi khas & menu internasional kelas atas yang disajikan di resto trendi dua tingkat.,"Saya ke sini sama satu tim, seru banget bisa makan barengan apalagi menu sunda-sundaan gini, sayangnya waktu itu gak kebagian cabe gendot. Padahal penasaran banget. Es cendolnya juga enak. Tampatnya luas banyak pilihan area tempat duduk, ada di lantai 1 dan di lantai 2. Tapi sayangnya untuk musolanya terlalu kecil.",ChIJtVZLOR_vaS4RIMEiNHuE1gQ,positive
Graffiti Restaurant,Fatmawati,5.0,Kafe kontemporer yang sejuk dengan dekorasi unik & teras yang menyajikan masakan Indonesia & Barat berkelas.,"makan siang di restaurant memperingat HuT Oma yg ke 88, service terbaik, buffet lunch variatif dan enaaak semua special daging2annya pokoknya terbaik. vibe dekorasi juga uniq dan dinamis. terima kasih teman2 Graffiti resto Mba Ngesti, Mba Intan, Mas Agung, Mas Rehan dan Mas Adi juga Mba Sinta. sukses terus",ChIJDSDnLtDxaS4RkH7Y_CpzryQ,positive
Two Brothers Billiard and Cafe,Cibubur,5.0,,"Tempatnya sangat terawat, meja biliar dan peralatannya semua dalam kondisi prima. Suasananya hidup tapi tetap nyaman untuk fokus bermain. Pilihan minuman dan camilannya juga oke. Musiknya pas, staff nya juga ramah"" murah senyum pokonya the best. pencahayaannya nyaman, dan yang paling penting, meja-meja biliar dan tongkatnya terawat dengan baik. Harganya juga terjangkau. Highly recommended!",ChIJXQ_Gu_CTaS4RsFrDFJG6CmY,positive
Shinji Izakaya Kelapa Gading,Kelapa Gading Barat,4.0,,"Baru banget abis makan dari sana, overall tempatnya nyaman, Makanannya yg kita pesen tori katsu don + salmon mentai roll + dessert : matcha lava cake. Untuk makanannya enak tapi dessertnyaaa :( untuk harga segitu kayaknya ini kurang worth it : rasa biasa aja, kecil, es krim secuil banget :(",ChIJLwTdFzr1aS4RgdMtB7gfaR8,negative
RAMLI seafood,Pasar Rebo,5.0,,"Mantaplah pokoke, kgak bakalan kecewa makan dimari. Joss",ChIJS8j8ewDtaS4Raj5tOM51LIU,positive
Lovely Cafe,Penjaringan,5.0,,"Tempatnya nyaman, bersih Pelayanannya juga oke, ramah ramah Banyak disc untuk beer dan makanan lainnya. Recomend banget buat yang gabut mau nongkrong cari tempat yang asik disekitar jakut. Bisa buat bikin acara ultah dll juga lagi di sini.",ChIJ044pgswdai4RHrU4lr5PLpM,positive
Lesehan Sambal 69,Pesanggrahan,5.0,,"Awalnya coba coba, pas dicobain enak semua sambelnya juaraa, yang suka pedesss merapatt yaaaa dijamin Nagihh, es teh manisnya jg enak kaya nostalgia ke jogja wkwkkwkw",ChIJJ9xaMQDxaS4R4MpM18M_cn0,positive
RM Tiga Serangkai,Kramat Jati,1.0,,"Makan di RM Tiga Serangkai disini hati² ya.... karena pada saat saya makan, saya menemukan belatung pada menu saksang. sbg bukti saya lampirkan video bisa di lihat pada menu saksang.",ChIJBdCfufjyaS4R1D3xo2v5IEU,negative
Kedai Lilie Singkawang,Tanah Abang,5.0,,"Top highlight: cabenya. Setiap menu dihidangkan dengan cabe merah, cabe hijau, dan tambahan cabe tomat kalau pesan ikan. Semua cabenya fresh dan wangi! Bumbu bakarannya manis + sedikit pedas.  Sayang karena datang Sabtu jam 7 malam, menu sudah pada habis, sisa ikan sama gorengan saja. Jalannya masuk gang ya, hanya bisa jalan kaki atau motor. Mobil baiknya parkir di PI, tinggal jalan kaki saja.  Pesan ikan gurame bakar, ayam bakar, ayam goreng, tahu + tempe goreng, nasi putih 1, air mineral 1 & S-Tee 1 total 99k.",ChIJPW_L7yD0aS4Rg5THfHxN7zQ,positive
Rumah Makan Segar,Sawah Besar,4.0,,"Rumah makan Chinese food. Ruangan dibagi dua, bagian depan tanpa AC terdapat 2 meja. Bagian dalam disediakan 5 meja. Pelayanan cukup cepat, ibu boss langsung cepat tanggap menyapa dan mempromosikan hidangan restoran nya 😁, terdapat lahan parkir di dekat restoran ini muat untuk sekitar 7 mobil. Kami memesan menu: 4 Nasi putih, @1porsi: Gurame saos taosi, babat Jarit rebus cah toge, belut cah fumak dan 2 gelas air jeruk. Untuk menu diatas seharga",ChIJkVQigO_1aS4Rp3_Waw9kzhk,positive
The People's Cafe Rajawali,Kuningan,5.0,,Nunggu janji temu di kedubes..  ngopi sama ngemil.. tempatnya nyaman.. ada sofanya empuk. Di sedianin colokan kalo butuh buat nge charge hp/laptop.. Makannya juga enak. Kopinya enak,ChIJW_4P3yfzaS4RgPMpfYJEilQ,positive
Bakmi Pinangsari,Mangga Dua,4.0,"Resto lokal yang terang dan sudah lama berdiri, menyajikan mi Indonesia & masakan China di tempat penuh warna.","[Rate 3,5/5] . . Tertarik mencoba bakmi yang satu ini karena video Instagram. Temrpatnya ada di kawasan Pinangsia dan ber-AC. Untuk metode pembayarannya menerima QRIS.  Bakminya tipikal bakmi old style. Pangsit gorengnya disajikan pakai saus tomat dan bisa dibeli satuan.  Saya mencoba :  1. Mie Ayam Jamur (Rp. 38.000)  Sayangnya jamur sedang habis ketika saya datang. Ayamnya empuk gurih dan kuahnya light namun tidak hambar.  Tingkat kematangan mienya pas dan ada aroma minyak babi. Sayang rasanya hambar padahal saya makan dengan kuah dipisah. Saya sampai aduk dan tetap hambar.  Endingnya saya tmbah kecap asin cukup banyak biar ada rasa.  2. Pangsit Goreng (Rp.6.000)  Saus tomatnya agak kental dan asam. Menurut saya, pangsit gorengnya sangat enak. Rasanya sedikit mirip Bakmi GM, tipikal yang renyah. Namin menurut saya ini lebih enak.  Isian dagimgmya cukup banyak dan todak berbau amis. Dagingnya natang dan kulitnya tidak gosong.  Bahkan ada hint rasa dan aroma minyak wijen.",ChIJmc94zwD2aS4RPsA3DuwKsHQ,neutral
KEDAI BANG NADI,Pondok Indah,5.0,,"Tempatnya nyaman , adem enak buat ngerumpi kalau lagi jam istirahat. Makanan nya murah2 harganya, dan rasanya enak bikin nagih🤠",ChIJKYjTYADxaS4R22v123wE9nk,positive
Rumah Makan Uda Denai,Tebet,5.0,,Jangan remehkan lokasinya... tapi rasanya bner2 mntap serasa  ⭐️⭐️⭐️⭐️⭐️... menu favorit KEPALA KAKAP,ChIJvZlEdYfzaS4RR31VDcIsYtw,positive
Teras Bumell,Pondok Indah,4.0,,Sate Taichan nya paling BEST !  Harganya OK banget.,ChIJdS-m8_bxaS4R5s9kM3kh06g,positive
Sea Grain Restaurant and Bar,Menteng,5.0,Restoran DoubleTree Hotel indoor/outdoor elegan yang menyajikan hidangan Mediterania kelas atas.,"Suka bngt ambiance nya yang comfy, terkesan santai dan relax  Makanan nya berasa ligth and clean Cocok banget buat aku yang suka sama makanan Clean food gini. Walaupun rasanya clean , tapi taste nya so nyummy..  Pengolahan bahan dan bumbu menggunakan ingredients terbaik.  Ala cart buffet. Suka konsep nya , jadi kita tinggal duduk cantik aja dan order sepuas nya dari menu, tanpa harus bulak balik ambil makanan.  Lebih berasa high lever up dan ini cocok banget buat bawa orang tua maupum anak2.  Hanya ada untuk Saturday Brunch ya",ChIJ0R5gH2v0aS4RjagMBn-kabk,positive
Nasi Campur Kacamata Kedoya,Kebon Jeruk,1.0,,"Sy terus terang dah langganan lama. Cuman kecewa ma kualitas makanan. Beli bundling via online, pas dtg, bubur asin, ampe ga bs ketelan. Beli pagi, sore nasi hainam jg mo basi, dpt casio garing nya yg gosong pula. Telur nya jg dah benyek kyk stok lama. Wah kacau d. Kapok sih kl kualitas kyk gini trs, alamat bye2",ChIJlaeiYQ33aS4RW_IopxfOWf8,negative
Santai Malam Along,Sunter,5.0,,31 OKTOBER 2025 Home Delivery Bihun goreng ayam Kwetiau goreng seafood Udang cah jagung muda Ayam rica,ChIJCfFfi4H1aS4RtT-NjIiqFEc,positive
Langit Seduh Selatan,Kemang,4.0,,"Cafe di daerah Kemang, Jakarta Selatan. Tempatnya bagus vibesnya juga asik. Ada mushola nya juga di bawah. Asik buat bikin small event. Cuma parkirannya sih kecil bgt dan kalau udah penuh terpaksa pakai valley 😅. Saran harusnya kalau tempat kayak gini parkir lebih gede. Untuk rasa makanan nya standard. Overall lebih ketempatnya yang bagus 👍🏻",ChIJ-wCc4LbzaS4RqQ7mE2Pwhc4,positive
Haohao Dimsum & Chinese Food,Daan Mogot,5.0,"Tempat makan simpel khas China yang menyajikan pangsit, mantou goreng, nasi, dan lainnya, serta kopi dan teh.",Makanan ok.. Saya pesan Bubur ayam Lumpia steam Hakau,ChIJlYsx0EL3aS4R8iaXcdnToPI,positive
Mountes Kupi Aceh,Pancoran,5.0,,"Kedai atau lebih tepatnya mungkin resto aceh baru di daerah jaksel. Banyak bgt kedai aceh di jaksel, bedanya yg ini terlihat lebih ""formal"", meskipun ga menghilangkan kekhasan kedai aceh pada umumnya. Seperti open kitchen dan tumpukan krimer kental manis yg ditumpuk tinggi.  Tempatnya rapi dan bersih, dipermanis dgn beberapa pajangan ke-aceh-an. Disini ada 3 ruangan klo tdk salah. 1 ruangan non AC, 1 ruangan AC untuk customer umum, 1 ruangan AC yg tampaknya untuk acara privat.  Untuk produk, saya pesan mie aceh tumis dan kopi susu. Saya suka dgn mie acehnya. Bumbunya medok dan tekstur mie-nya sangat kenyal. Nikmat sekali. Sedangkan kopi susu, bagi saya ok. Sebagaimana umumnya kopi susu aceh pada umumnya.  Paling yg jd catatan saya, saat disana saya beberapa kali lihat karyawan melakukan aktivitas diluar kerjaan di area customer. Tp secara umum sih pelayanan bagus.  Disini jg ada wifi dan tempat parkir yg cukup luas.",ChIJ4WAx5aXzaS4Rf804zOvpB7w,positive
ICHUNG BUKAN KOPITIAM SUNTER,Sunter,4.0,,"Nyicipin Ichung Bukan Kopitiam. Jauh-jauh dari Planet ke Utara Jakarta cuma buat icap icip inih.  Wara wiri banget Video nya di Youtube di Reels. Jadi penasaran.  Kesini sekitar jam 4 sore kurang. Kosong melompong gak ada orang. Memang bukan jam nya makan sih jadi kosong. But heyy... pelan-pelan satu per satu customer nya masuk dan at the end pas mau pulang semua meja kursi di dalam ruangan keisi semua dong. Bahkan ada customer yg berdiri depan pintu nungguin meja kita.  Disini alur nya kita pesan dulu makanan nya di kasir, bayar, baru makanan nya datang. Jadi kalau bisa decide mau makan apa disini, uda di list aja, mau pesan apa aja disini. Jadi saat liat menu di kasir gak lama-lama. Oia dari harga di menu jangan lupa ada tambahan pajak dll nya 15% total nya tadi bayar 177k bisa bayar pakai debit card atau QRIS  Kesini kita pesan :  Fishball alias baso ikan. Kita pilih nya isi 3pcs campur : original, keju, babi. Harga nya 3pcs 45,000, mau beli satuan juga bisa sih. Sama aja harga nya per satuan nya 15,000/baso. Baso Ikan Original tuh baso ikan biasa, gak ada isi di dalam nya. Baso Ikan Keju ada isian nya keju Baso Ikan Babi yang ada isian nya daging babi di dalam nya, ada sedikit kuah dibagian dalam nya. Jadi saat digigit kudu hati-hati muncrat isi nya. Untuk ukuran baso ini lebih besar dibandingkan ukuran baso ikan yang biasanya. Tidak bau amis dan kenyal.  Nasi Babi Cincang 50,000 Nasi nya masih panas di tabur banyak banget daging babi cincang kecap plus di topping sama telor ceplok dan pangsit goreng. Telor Ceplok nya bisa request matang atau setengah matang. Komposisi Plate nya kyknya 40% nasi 40% daging 15% telor 5% nya tuh si pangsit kriuk  Bakmie Babi Cincang 35,000 Bakmie nya bisa pilih mau yang karet, keriting atau lebar. Minta rekomendasi staff nya, katanya yang favorite disini yang keriting nya. Trus ditanya lagi mau pedas level berapa ? 1 2 3, level 3 yang paling pedas. Jadi ternyata setelah diaduk aduk, ada cabe rawit setan/jablay yang di bagian bawah bakmie nya. Ini juga daging cincang nya banyak banget porsi nya. Yang kurang hanya pemanis di mangkok nya yaitu daun bawang. Saat diantar pesanan ini nanya kenapa gak ada ijo-ijo nya ? Kata staff nya daun bawang nya lagi kehabisan. Padahal photo jadi cakep kalau ada daun bawang diatas bakmie ini.  Es Teh Tarik 24,000 buat taste saya agak kurang manis, tapi gak papa lah anggep aja less sugar ngurangin gula.  Mereka buka dari jam 7pagi - 10malam. Kebayang ini jam breakfast lunch maupun dinner pasti full sih. Interior nya simple dan toilet nya perlu diapresiasi sih. Bersih banget. Pertahankan ya. Jarang-jarang nemu resto yang toilet nya bersih rapih kayak gini.  Staff nya pun gercep gercep sekali saat melayani. Saya ada terima sedotan yang bagian badan atas nya tuh bolong jadi gak bs kesedot minuman nya. Staff nya gercep dong nyamperin buat kasih sedotan baru buat pengganti nya. Terima Kasih :)",ChIJ-RElHgD1aS4RSvxAXazsFnA,neutral
Warung Makan Bu Santi,Gambir,5.0,,Harga okk rasa okk,ChIJlagJvdj1aS4R902Q82hNfZM,positive
Sop Buntut Mangga Besar,Taman Sari,4.0,"Restoran simpel dengan tempat duduk minimalis yang menyajikan sup buntut, menu nasi populer & hidangan utama.","Sop buntutnya sih terkenal sejak dahulu, tepatnya seberang hay thien, memang terkenal salah satu yg enak di jakarta , tentu harganya juga oklah  selain itu dia banyak roti dan cake yg bisa dipesan atau di beli langsung. Ownernya juga ramah. 👍",ChIJLegZl-L1aS4RDZ0tqSuUbGo,positive
Bebek Kaleyo Tomang,Tanah Abang,5.0,,"Makanan enak, empuk, gurih. Suasana nyaman. Ada ruangan ac sama ruangan outdoor. Pelayanan ramah.",ChIJZ4p3a2L2aS4RacNPEgXWPO4,positive
Mutiara Seafood,Penjaringan,4.0,,"Porsi seafood, sesuai dgn harga, rasa enak std ya, resto ramai kalo jelang mlm, service bagus, ramah, cepat keluar masakannya.",ChIJvTzgGqQdai4RePFGwt98bhE,positive
Cafe Tenda WGP,Kelapa Gading,4.0,,"Kalo lagi pengen street food tp nyaman, bersih, dan pilihan nya beragam mulai dari tahu campur surabaya sampai pho vietnam",ChIJxf0-HkL1aS4ROP1Q9LewfIU,positive
D'PAN 59 CAFE,Kebayoran Lama,5.0,,"Cafe nya sangat nyaman... Harga ramah kantong.. Rasa endulitaaaa pkknyaa enak semua, apalagi seblaknyaaa dower2 ini bibir sakit pedes nampoooll rasa kencurnya pkknya paaasss dilidah🥳 Tempat bersih, AC dingiiiin, outdoor nya pun keren sangat rekomended unt spot foto2 lhooo...",ChIJpfFtWXnxaS4RrCa3g9wGVxo,positive
ROTI BAKAR KEIBAR CIPUTAT,Lebak Bulus,4.0,,"Kesini beberapa tahun lalu, masihh non AC dan pake kipas angin😁 tapi sekarang udah berubah dan kagett kok tempatnya dah bagus😃😃 ada tmpt smoking dan non smoking  Menunya selalu enak, selalu ngidamm makan roti bakarnya sih sama es matchanya, ehh tapi habis tadi  Pesen makan: 1. Nasgoremi : gabungan dari nasi sama mie, terlalu smokey jadi ada beberapa mie/nasi gosong dan pait. Mienya juga agak keras, jd maaf kurang suka 2. Ayam pandan lada garam : enaaak bgt, asinnya pas, aku suka. Ada sekitar 8/9 potong dan bikin kenyang 3. Ice premium thai tea : enakk, manis pas 4. Aren canggu latte : enak 5. Roti bakar ovomaltine : enak🤣  Tempatnya full music, full AC. Ada colokan juga, jd kalo mau sekalian ngecas bisaa. Tapi agak tumben ini malming jam set 8 malem sepii, biasanya suka waiting listt  Sekiann🩵 pasti akan kesini lagi",ChIJnXDI7yvwaS4R82g_FesnAvs,positive
Sate Waru Pondok Indah,Pesanggrahan,5.0,,"Sate Domba Tegal nya juara.. engga pernah gagal, selalu sukses... enak, juicy dan empuk 👍🏼👍🏼👍🏼. Demikian pula Sop Domba nya 👍🏼👍🏼👍🏼.  Pelayanan selalu ramah dan cepat.",ChIJuY-6j1LxaS4RfovehEmKfO8,positive
Rumah Makan Ahai,Taman Sari,5.0,"Masakan tradisional China, plus layanan pesan-antar & bawa pulang, di tempat makan simpel bersuasana kasual.",Menu terfavorit adalah tauco udang. Kalo kesini jgn sampe tidak memcoba menu ini. Saya Yakin pasti ketagihan dan terbayang terus deh,ChIJZUMIShP2aS4RTxBd8JqftfM,positive
RAMLI seafood,Pasar Rebo,5.0,,"Enak banget, sambelnya mantap, dan harga bersahabat",ChIJS8j8ewDtaS4Raj5tOM51LIU,positive
Kwetiau Akang Muara Karang,Penjaringan,4.0,Menyediakan berbagai pilihan masakan kwetiau dan makanan Cina lainnya. Tersedia jasa antar.,"Rasanya enak juga kok. Ga kalah dari yg di mabes n pesanggrahan. Kwetiaw tomat, kwetiaw goreng. Ini ada seafood n non halal ya. Selain itu ada menu2 baru paketan",ChIJaUkScaIdai4RMhcbNDPZP0k,positive
Warung Pintar J1,Tebet,5.0,,rame betul warungnya 👍,ChIJW4ffJqDzaS4RXgbtjLODphE,neutral
Warung Makan,Sudirman SCBD,4.0,,"Enak. Murah. Berkualitas. Cuma toiletnya ora umum, sisanya biasa",ChIJJ0OFE0DxaS4RYJf8btnCygs,positive
Bakoel Kita Express RSI Pondok Kopi,Buaran,5.0,,"Makanannya enak2, pelayanannya ramah dan cepat 👍",ChIJdVdiWOyNaS4RiraMJ0IjfUc,positive
KEDAI RATU CIPAYUNG,Ciracas,5.0,,"Mie Bangladesh ya enak, berani bumbu, next mau pesan yg jumbo, pelayanan nya juga ramah, dan engga nunggu lama",ChIJcyp_8V_taS4RQeDUBtGkBao,positive
Kuotie Shantung AA87 Sunter,Kelapa Gading Barat,5.0,,"Salah satu kuotie halal yang wajib dicoba kalau lagi nyari cemilan enak di Jakarta. Sudah 3x kesini baik dine in ataupun takeaway, selalu antri panjang dan ga pernah sepi. Tapi tenang aja, ga terlalu lama kok waktu nunggunya.  Menurutku rasanya gurih banget, dagingnya berasa banget dan pas sama bumbu dan daun bawangnya, kulitnya juga garing, tapi moist lembut dalemnya.  Harga seporsi Rp35.000/10pcs. Sangat worth to try lah kalau mau dibandingin sama keluarganya gyoza/mandu yg biasanya lebih mahal. Kalau ditanya soal higienis, sepenglihatan sih mas-masnya rapi dan bersih ya selama proses masak meskipun memang ga pake alat pelindung kayak sarung tangan ataupun masker.",ChIJa2QjSe31aS4RwnDQ_GIBToM,positive
JejepanganJKT - Tenda Gandaria Tengah,Kebayoran Baru,5.0,,Makan disana pas malming. Makanan dateng 20 menitan dan bingungnya makanannya gak begitu panas. Rasanya enak dan worth it lah buat harganya. Nasinya maur jadi bingung gimana mau di sumpitnya. Sejujurnya dari semua Jejepangan emang disini sih yang paling enak,ChIJA2Im0oLxaS4R4YVgAYaLj0Y,neutral
Gobar (Gondangdia Baru) Resto,Makasar,5.0,,"Saya Makan empal enak dan empuk, teh juga enak, dan harga sesuai, bisa untuk tempar meeting.  Saran untuk pemilik tempat. 1. Tulisan coffe ramen dimsum digeser agak ke arah jalan raya, 2. Plank Biar sudah mulai lusuh (butuh dibuat kelap kelip agar menjadi attensi bagi yang berkendara) dan kalah besar dengan tulisan Mako Johnny andrean di atas nya, 3. Panggung live music di geser ke teras depan, agar orang/kendaraan lewat dapat mengetahui keberadaan Gobar. 4. Teh tawarnya enak, tapi kalau bisa harganya lebih ekonomis",ChIJLQF_nfHzaS4R0ei0IOPnh7w,positive
AWkitchen Pasta House Plaza Senayan,Sudirman SCBD,5.0,"Relaxed, plaza-based kitchen serving creative Italian & Japanese fusion dishes in homey quarters.","Bersih, tersedia VIP room dengan minimum payment, pelayanan ramah dan informatif, penyajian menu cukup cepat.  Pasta disini al dente, perfectly cooked. Menu lainnya juga 8/10 untuk preference saya. Ada yang agak bland untuk lidah saya tapi ya pastinya balik lagi ke taste masing masing.  Hanya saja suasananya agak remang, mungkin memang ambiencenya seperti itu.",ChIJ03cSFvDwaS4RrsY_4uys37g,positive
Kedai Lilie Singkawang,Tanah Abang,5.0,,Iga bakar paling enak yang pernah saya makan. Dagingnya empuk banget dan besar-besar. Pelayanan cukup lama kalo di jam makan siang. Saya gak bisa sering-sering makan karena harganya 65 ribu dan sekarang udah gak kerja di daerah sana :(,ChIJPW_L7yD0aS4Rg5THfHxN7zQ,positive
Pecel Ayam Pondok Makan 99,Glodok,1.0,,"Ayam selalu di kasih yang sudah di goreng lalu di angetin pas ada pembeli, parah",ChIJI9ik7vgdai4RtufEvxSo8tI,negative
Singapore Kwetiaw Kerang,Penjaringan,5.0,Restoran klasik & mewah yang menyajikan hidangan khas China dalam suasana bersahaja.,Salah satu chinese food restaurant favorit saya. Menu sangat bervariasi dan semuanya enak enak. Tempat nyaman dan pelayanannya juga sangat ok. Highly recommended 👍👍,ChIJN6rjboodai4RNlzq0mANB_M,positive
Warteg Kharisma Bahari,Pesanggrahan,5.0,,"Mantep! 24 jam, malem2 lauknya masih banyak pilihan, harga ok dan rasa enak, tempat luas pun. Parkirannya aja agak bahayur",ChIJ0YFq87rxaS4R8vKxvM3wWZo,positive
Rumah Makan “Pinggir Jalan” (RUMPIKAL),Kemayoran,5.0,,mantap,ChIJ494Q9F71aS4RABeMPLWlHYM,positive
Pondok Nasi Kebuli Ibu Hanna,Jatinegara,4.0,Restoran halal dan luas yang menyajikan hidangan nasi Timur Tengah klasik di tempat yang cerah dan simpel.,"Nasi kebulinya enak dan harum, kambingnya pun enak, gurih dan empuk sangat. Tempatnya bersih dan nyaman, cukup luas untuk makan ramai-ramai dan memiliki tempat parkir yang cukup. Untuk harga mungkin agak diatas rata-rata, sekitar 58rb untuk menu nasi kebuli kambing yang saya pesan, dan itu salah satu menu nasi yang termurah disini. Tapi ok lah untuk sekali-kali makan makanan khas timur tengah ini.",ChIJ4b8W6ILzaS4RItXwtCDXt8k,positive
MADAM SIM CAFE,Penjaringan,4.0,,"Makanan aman, suasana jg oke. Service baik. Banyak nyamuk",ChIJARoaNbkdai4Rrc-JYmUAAI0,negative
The People's Cafe,Sudirman SCBD,5.0,,tempatnya sangat bagus dan cocok buat meeting sama temen temen kerja & makanannya enak enak dan good service pelayanan nya👌,ChIJp8qLSgD0aS4RgRrAqtNTu7I,positive
Rempah Bistro - Puri Indah Mall,Puri Indah,3.0,,"Baru pertama kali makan pandan bistro gaenak 🥲. Rasanya aneh, kayak bau kulkas daging dan sayurnya pelengkap nasi langinya. Agak kaget, karena biasa makan panda bistro selalu enak, cobain yang disini gaenak.",ChIJWZGNcgD3aS4R2WP8x9FQNZw,negative
SAUNG PAK SUBAWI,Penjaringan,5.0,,Tempatnya nyaman,ChIJyRtfi7Idai4RnX-8KpaDyuA,negative
Natrabu,Menteng,5.0,Restoran Padang dengan kapasitas 500 orang (standing party) menyediakan paket pengantin sejak 1967.,Cobain natrabu di aeon sentul tempatnya nyaman trs pesan telur barendo sama rendang semuanya enak. Lokasinya dibawah lantai H&M yaaa B1 soalnya pas awal nyari juga agak bingung sebelah mana tp worth it.,ChIJDRYNPS_0aS4ReO7FR8FXQ1U,positive
Warung Ansel,Tanah Abang,5.0,,"enak banget semua makanan nya,dijamin ga bakal rugi kalo singgah kemari.",ChIJOzCpsJb3aS4RhwPREVyfDvc,positive
Sushi Hiro Plaza Indonesia,Menteng,1.0,,"Saya mau mengutarakan kekecewaan saya untuk promo yang saat ini berlangsung  Malam ini saya makan di Plaza Indonesia Jakarta dan memesan 4 Menu Dari Promo 45k Sushihiro  Sangat sangat kaget,  Ketika orderan saya dtg  Kualitas dan kuantitas dari makanan yang saya order ini sangat mengecewakan  Sangat Tidak layak untuk dikonsumsi  Karena tidak sesuai dengan yg biasanya saya order diluar promo  Saya biasanya memesan menu ini diluar promo dengan kualitas dan kuantitas yg sangat bagus  Kok bisa menu yang Harga normalnya 90k dibuat promo menjadi 45k Namun kualitasnya Dikurangi?  Ini saja saya menipu Customer  Sangat sangat kacau !  Saya minta pertanggung jawaban sushihiro terkait hal ini ya  Terima Kasih",ChIJScs3obH1aS4RCExKDFlUTYM,negative
Kanbai Shabu & Grill,Kemayoran,1.0,,Gk jelas tempatnya gk ada malah isinya tempat karaoke dan sewa lc 👎🏻 mana biaya masuk motor mahal gk sampai 10menit 4rb,ChIJrU6-ya71aS4RE1AdRnG5JWk,negative
Sate Sabang Pak Heri Asli,Menteng,5.0,,"Jujur sebenarnya agak bingung sate pak Heri yg asli yg mana. Tadi kami hanya melihat menunya ada tulisan pak Heri jadi kami akhirnya berhenti di situ. Tidak sempat mengambil foto dari depan. Saya pesan 1 porsi sate ayam dan nasi, harganya 35rb, teman saya juga sama 1 porsi sate ayam, lontong, dan air mineral harganya 40rb (yg 5rb air mineralnya). Sate nya enak, dagingnya empuk, lemaknya dikit. Bumbu tergolong manis dan tidak pedas. Jadi kalau mau pedas tinggal ditambahkan sambal aja.",ChIJe9pojNH1aS4R5Uuov_vYobY,positive
Nasi Goreng Kambing Kebon Sirih Sejak 1958 - Karang Tengah,Lebak Bulus,5.0,Restoran khusus tunai dengan menu populer Indonesia seperti nasi goreng & sate di tempat standar & nyaman.,Maknyus rasa nikmat banget dan tetap hangat walau pesen dari pesan antar,ChIJLfLuKNbxaS4RPXpmKSqkOCo,positive
Rumah Makan Zahra,Matraman,4.0,,Kalo kesini kalo mau komplit jam 10an Gorengannya sudah komplit Harga lumayan terjangkau Rasa standart warteg yaa,ChIJlbVmYtf1aS4R3n1VpGXiAiU,neutral
Warung Legend Om Jin Preman,Pasar Rebo,5.0,,Evryting is good Liat artis pada live tiktok Klo malam jumat sma malam sabtu suka ada om jin preman lg live disitu..mantabbbb,ChIJ9wG6DADtaS4RJZL5bY93Gac,positive
Waroeng Bang UUD,Puri Indah,4.0,,Ternyaman buat nongkrong rame2 cyn,ChIJEynU13T3aS4RoONtCAcjepo,positive
Smoking Barrels Atelier - Cilandak,Cilandak,4.0,,"Lokasi nya cukup strategis, di google maps ini sudah sesuai titik. Dan untuk parkiran mobil dan motor tersedia, dan ada juru parkir nya.  Ambiance nya cukup cozy, banyak yang wfc juga disini, ada tempat duduk untuk sendirian juga dan ada area outdoor smoking. Wifi, stop contac aman disini.  Staff nya juga super informatif, memberikan info apa saja menu yang affordable disini, kebetulan aku order menu : • Truffle Fries (45k) • Piccolo Iced- Journeymand Blend (40k) dan pakai oat milk, lagi free soalnya. Ini kopi nya light, enak, agak sedikit bold. • Matcha Latte Iced - Kana 75k. Umami dan bitterness.",ChIJYzW0mQvxaS4R68oK_z82AnE,positive
Warung Makan Mpo Ganeng,Kembangan,5.0,,Makanannya enak....,ChIJAb8VbDz3aS4RQ30gEbSWKbQ,positive
RM. Pondok Citra Pramuka,Johar Baru,5.0,,Rumah makan padang jawa... sangat menggugah selera terutama bagi yang tidak terlalu doyan pedas seperti masakan padang asli yang rata2 pedas... harganya juga tidak menguras kantong... suasana pun nyaman dan tidak masalah mau nongkrong sambil ngobrol dengan rekan ...,ChIJ-dROn1_0aS4R2aETWbgWiLo,positive
Almaz Fried Chicken - Cirendeu,Lebak Bulus,5.0,,Masya'Allah selalu betah sih makan di Almaz. Tempatnya nyaman dan aman banget untuk bawa anak kecil. Ada Mushola dan toilet yang bersih. Semoga semakin Sukses UMKM Muslim 🤍 Aamiin Yaa Robbal Alaamiin 🤲,ChIJo0vtK9zvaS4RCxCCZ9suaqA,positive
Yakinikuya,Blok M,4.0,"Tempat makan yang menyajikan aneka daging dan seafood pilihan, serta saus impor dari Jepang langsung.","Hanya bisa mentok Bintang 4 karena TIDAK ADA TOILET maka harus naik lift masuk kedalam mall untuk ke toiletnya.. Selebihnya OK SEMUA, dagingnya empuk semua, potongannya besar-besar, taste dagingnya termasuk premium.. Karena tempatnya sangat kecil untuk ukuran restoran bbq auce, jadi disarankan untuk booking sebelumnya",ChIJcXRhxHXxaS4RNSqzYW7nZyo,negative
Waroeng Western,Kebon Jeruk,4.0,Restoran santai bersuasana kasual yang menyajikan makanan populer Indonesia dan sajikan khas Barat.,"Salah satu tempat makan favorit di daerah BINUS Syahdan. Pro: makanan enak, harga masih masuk akal, ada tempat buat nyolok a.k.a ngecas hp, makanan fresh, bisa delivery, kalau promo all in. Recommended items: Stik matah bali, spaghetti matah bali, dori bumbu sate  Con: rasa ga konsisten(sambal matahnya kehilangan rasa pedasnya), resto agak apek jd lbh prefer delivery, kalau makan di tempat menu lebih sedikit drpd delivery. Semoga ownernya melihat review ini sbg masukan ya..",ChIJY16KBsP2aS4RduayGcvg278,positive
Warung Soto Empal Gentong,Tanah Abang,5.0,,es teh yang terlalu manis untuk dilupakan,ChIJiQC3VOL3aS4R17zqoGsj-As,positive
Holy Noodle,Kelapa Gading Barat,5.0,,"kalau mau makan jjangmyeon yg comfort dan enak terasa babinya, ini bisa jadi pilihannya. kimchinya berasa dan asem seger gurih, jjamppongnya mayan pedes dan seafoodnya banyak dptnya, makannya kudu ramean dan yg punya orng korea asli yg ramah. corn tea nya juga seger dan light",ChIJM51I9kD1aS4RyLE55Hl4n2s,positive
Mandailing Cafe & Bistro,Fatmawati,5.0,Hidangan tradisional khas Medan disajikan di ruang makan asyik dengan bilik merah dan tempat duduk nyaman.,"Medan & mandailing food, tersedia berbagai olahan ikan mas khas sumatera utara",ChIJ1-I1nODxaS4RwUwRXHxp4Zw,neutral
REZEKI SEAFOOD PLUIT,Penjaringan,5.0,,"ini seafood nya terbaik deh. pas kebetulan dari PIK, sengajain mampir kesini. pesan cumi crispy, paketan aneka seafood jimbaran, udang galah bakar jimbatan, cumi saus singapore, sapo tahu, dan minuman favorit saya, cap badak. semua hidangan yang kami pesan, ga ada yg failed. beneran enak. saya paling suka sama sambal dari bumbu jimbaran, ga terlalu pedas, ada manis manisnya dan ada asemnya, komplit banget. sapo tahu nya juga enak, walaupun terasa banget jahe nya. cara  enak buat makan sayur, hehehee... minuman favorit, tetap saparilla cap badak.",ChIJRbo3NHIdai4RkBPbqCvqfUQ,positive
RM. Sari Mulya,Pasar Minggu,5.0,,Sering lewat tiap pagi...baru kemarin mampir...bumbunya mantabs...rendangnya ok,ChIJx2M2wontaS4Ru_hUuQOPia4,neutral
Kedai Melintir,Johar Baru,1.0,,"Sebetulnya tempatnya sangat cozy, Saya sudah datang beberapa kali untuk makan. Mie ayam disini lumayan enak.  Namun hari ini saya minum teh hangat disitu. Digelas pertama ok, Namun di gelas kedua. Tanpa saya cek, ketika hampir habis saya melihat ada kecoak kecil di dalamnya yang membuat saya merasa DISGUSTED.  Tidak akan kembali. Trims.  Kepada owner, mohon panggil pembasmi serangga.  Kepada customers, perhatikan makanan kalian 🙏",ChIJ0e7trpn1aS4RNN3zoQtSysg,negative
Eightman Ramen Restaurant,Kebayoran Baru,4.0,,Not bad but not too crave for Terlalu berlemak sih Mungkin bagi sebagian orang ada yg suka. Gyoza nya enak Samcan goreng juga ok  Untuk kaldu ramen lbh light,ChIJl2-ibjnxaS4RuSRj_wUHjaE,neutral
Brown Fox Waffle & Coffee,TB Simatupang,4.0,"Menyajikan menu makanan, kopi dan waffle dgn berbagai pilihan topping disertai dgn atmosfir rumahan.","Harga standar cafe, parkir mobil ada, bangku kurang nyaman hehehe ga ada sofa",ChIJpVc3UhvyaS4RHhoa8IJRbMs,neutral
RM. Bu Djoko asli Suroboyo,Pulo Gadung,4.0,,"Masakan rumahan yg variatif. Enak, bersih, pelayanan yang ramah. Cemilan juga banyak macam, kripik pisang ""bangnana chips""nya enak dengan rasa manis dan asin.  Rekomendasi Ayam goreng kremes, tahu kremes, mie godhog, Soto daging.  Sambelnya Joss banget, pedas bikin ketagihan.  Harga bersahabat dikantong, value for money, porsi mengenyangkan.  Saat weekend, biasanya pagi-pagi sudah buka dan melayani tamu-tamu yang selesai berolahraga.  Tempat mudah terlihat dari jalan utama.  Parkir dipinggir jalan, sudah biasa juga dipakai parkir untuk gedung pertemuan yang ada didekat resto ini.",ChIJdY1HcMb0aS4RdNAlo9Y0Fko,positive
Warung nasi Brebes,Tomang,5.0,,"Tempat yang cocok untuk istirahat dan makan siang, cocok juga untuk nongkrong malam 👌",ChIJO3N5Jfb3aS4RC7wat-o2xQ8,positive
Udupi Multicuisine Restaurant,Kemayoran,4.0,Restoran santai dengan ruang makan penuh warna yang menyajikan masakan tradisional India Selatan.,"Gara-gara keseringan liat street food india di Instagram. Jadi pengen nyobain panipuri. Direkomenin teman untuk makan di sini. Awal ngerasain agak aneh sih di lidah😁, tapi habis juga. Tempatnya asyik, penyajiannya ga lama, pelayanan ramah.",ChIJI7Sv3Zf1aS4RdhQu2xHo5B8,positive
Rumah Makan Betawi Hj. Aliyah,Kemang,5.0,,Kalau suka ayam pecak betawi wahib kesini..enak parah..lalu ada sayur melinjo teri..dan sambel ijo nya yg gak kalah enak..,ChIJS1rHhYbxaS4R3VdoX6pIOh0,positive
WARTEG SUMBER RIZKY,Bintaro,5.0,,Sederhana murah meriah,ChIJK_jDBxrwaS4ROlQRa2DpB1s,positive
Warung Nasi Mitra Rasya,Senen,5.0,,Ini rekomend sekali Masakan enak enak Pegawai ramah Harga bersahabat,ChIJ_1oMDjj0aS4RQ7_TyONgYBA,positive
Natrabu,Menteng,5.0,Restoran Padang dengan kapasitas 500 orang (standing party) menyediakan paket pengantin sejak 1967.,"Natrabu Minang Restaurant di daerah Sabang, Jakarta Pusat, benar-benar layak disebut sebagai salah satu restoran Minang legendaris. Menu yang ditawarkan sangat bervariasi, tapi yang paling menonjol dan wajib dicoba adalah lauk kepala kakap khas mereka — rasanya luar biasa enak, bumbunya kaya rempah dan benar-benar menggoda selera.  Restorannya bersih, rapi, dan suasananya nyaman, cocok untuk makan bersama keluarga, tamu, atau rekan kerja.  Saya pasti akan kembali lagi ke sini untuk mencoba menu-menu lainnya. Bagi pecinta masakan Padang, tempat ini adalah salah satu yang terbaik di Jakarta",ChIJDRYNPS_0aS4ReO7FR8FXQ1U,positive
Chiken blo on,Pancoran,5.0,,Ayamnya mantab empuk bumbu meresap sampe dalam.. Apalagi ayam bakarnya gokill,ChIJZXDKsD_zaS4Rnj-U8aTylkU,positive
Waroeng Kampoengku,Tomang,5.0,,Sate taichannya mantaaapp,ChIJ0XwBEZX3aS4RG3KUh77_jiE,positive
Kedai sutan makmur,Ciracas,5.0,,Sangat suka dg masakan bebek sutan makmur terutama itiak lado mudo nya . Rasa dan bumbunya pas dan bebeknya empuk bikin nagih,ChIJTc0tvjf5aS4RwL6vOb4fCR0,positive
rumah merah,Grand Indonesia,5.0,,Mantap. Ngopi asik ditengah kota. Tanah Abang,ChIJhYxupzL3aS4R-nuNPcBcGi0,positive
Warung Nasi Bu Ros 24 jam,Mampang,5.0,,Disini paling enak ayam serundeng nya.sambelnya nagih banget,ChIJmwNJn2jzaS4RFkZSODL0P8c,positive
Lalapan Gendis Judes,Sawah Besar,1.0,,Resto didalam gang.. Driver parkir ga bisa lihat motor bisa berbahaya,ChIJvxaWPuP1aS4RyhLZU664eFY,negative
BOROBUDUR TERAS.CAFFEE & RESTO,Grogol,3.0,,"Kesini karna liat di sosial media ada acara malam tahun baru bacaan nya si free entry ya. Memang aku mau makan di sana skalian ternyata ga bisa pilih menu random. Harus beli paket dulu yang ada di depan casir baru bisa pilih menu yang ada di menu knapa bisa gitu ya? ""Free entry tp wajib jajan menu paket "" Sosis nya si okey yah tp ice tea nya ga banget rasa air sama gula aja ga ada rasa tea tea nya sama sekali. Mungkin kedepan nya coba di perhatikan kualitas produk nya terimakasih Oiya kopi nya oke suasana oke.",ChIJJ7C92AT3aS4RmMUdSV9kmEY,negative
Warung Sambal SiNeng,Cijantung,5.0,,Mantap semua menunya terjangkau 😍,ChIJX9mUIQDtaS4R2aMP_njqNng,positive
Warung Nasi Goreng Ibu Naya,Kuningan,5.0,,"Emang enak sih nasgornya hahaha sesuai review Tiktok dan review Google. Ga ada bayar parkir huhuhu seneng banget. Pesen nasgor ayam + telur. Smoky-nya dapet. Nasinya banyaak (kalo cowo sih ini kenyang, kalo cewe agak kekenyangan. gweh sisa 6 suap udh ga sanggup 🙏🏻). Next mau pesen versi garam/micin dikurangi dikitt wkwkwk yg ini ga keasinan sih cuma kayaknya lebih sehat aja 😵‍💫 btw outdoor jam 11 panas bgt dine in. Ingat, ini warunggg bukan cafeeee! parkir motor aza, mobil auk deh di mana",ChIJ9y1fHvrzaS4RTtrYd9ytHmM,positive
Dinar Seafood,Penjaringan,5.0,"Tempat makan dengan menu andalan kepiting lada hitam, ikan kudu-kudu bakar, dan gulai kepala kakap.",Makanan enakk pelayanan mantap. Smua seafood nya fresh. Highly recommended.,ChIJ6857v5Udai4RqcmFdvnG518,positive
Seafood Tumpah 31,Pademangan,5.0,,Makanan super enak,ChIJ_4nPeXsfai4RdPJ9DflYRWw,positive
RM Ampera Saiyo,Buaran,5.0,,Enak banget,ChIJwWblGb6MaS4RAXNwxohj0UI,positive
Griya Oetami x Koffie Oetami,Kramat Jati,2.0,Restoran santai & ruang acara dengan teras sejuk yang menyajikan masakan Jawa tradisional.,"Sangat kecewa dan kapok balik lg, harga makanan mahal2, rasanya ga karuan, kondimen alakadarnya, minuman nya jg ga karuan. Kita makan sambil gerutu. Makanan tempe mendoan nya 30k isi 4 dan tempenya berasa mentah krn ketebelan. Aqua 300ml 10k, lontong kupas rasanya anyep manis doang harga 38k. Nasi kambing 54k ini dagingnya secuil porsi amit2. Nasi bakar cumi 47k ini cumi lo liat sndiri brp biji, ga ada kondimen apa2 lg, porsi lo liat sndiri, msh mending beli nasi bakar yg harga 8k, chicken wings lo liat aj wings nya 1 biji dan hambar, minuman nya semua kalo kata tamu2 gue kaya pop ice. Ga ada yg spesial. Please yg mau ksini ga usah berekspektasi lebih. Nothing spesial.",ChIJL7CEWFfyaS4RJKM6sgeZ4mk,negative
KEDAI NASGOR RAOS,Pasar Rebo,5.0,,Rasanya mantaf persis dengan nama nya raos pokoknamh  pedagangnya ramah lagi..,ChIJ44pIdFbsaS4RIW7_yk1ScYE,positive
Pancious,Kelapa Gading,5.0,,Lg buy 1 get 1 free... Ehhh ternyata ditraktir... Makanan endeusss cm nunggu nya lama... Mungkin lg crafting makanan nya... Krn tampilannya cantik,ChIJS9ijUjT1aS4R1Dv9_N3yke8,neutral
Steak 21 Buaran Plaza,Cakung,5.0,,"Resto steak n pasta yg byk pilihannya dan bisa pilih side karbo (kentang goreng, nasi, potato wedge, kentang tumbuk dll).  Ada paket hemat berdua yg dlm 1 paket dah dpt  steak dan es tinggal nambah minuman. Dan ada minuman yg bisa refill. Untuk aku teh nya enak. Daging steaknya jg enak walau makan dlm dingin juga masih empuk.",ChIJsRBDCjaNaS4Rqv0s5jzbffg,positive
JJ Royal Cafe,Menteng,5.0,,"Tempat ini cukup lengkap dan nyaman untuk dikunjungi, baik bersama keluarga, teman, maupun pasangan. Di area outdoor-nya tersedia space yang luas sehingga terasa santai dan tidak sumpek. Ada juga kafe dua lantai dengan suasana yang cozy, cocok untuk nongkrong, kerja santai, atau sekadar menikmati waktu bersama pasangan. Selain itu, tersedia minimarket sehingga pengunjung bisa membeli berbagai kebutuhan kecil tanpa harus keluar area.  Bagi yang membawa anak, di sini juga ada playground yang cukup besar. Permainannya beragam dan lengkap, termasuk perosotan yang pasti disukai anak-anak. Anak-anak bisa bermain dengan leluasa karena tidak ada batasan waktu tertentu, jadi orang tua juga bisa lebih rileks.  Untuk urusan parkir juga tidak perlu khawatir, karena tersedia layanan valet yang sangat membantu, terutama saat ramai. Secara keseluruhan, tempat ini merupakan pilihan yang menyenangkan untuk quality time, baik untuk keluarga maupun pasangan, dengan fasilitas yang lengkap dan suasana yang nyaman.",ChIJn-5KZB71aS4RHVzh4s1q7Rg,positive
Bakmi Along,Daan Mogot,5.0,,Aku suka bakmi karetnya. Rasa topping-nya juga enak! Harganya worthed banget buat yang large. Aku sampe gak habis. Bisa makan buat berdua sih bakmi largenya. Highly rekomen mie babi panggan & ayam potong. Tehnya boleh refill. Aku rekomend banget si Bakmk Along. Senangnya ada di Green Garden! Buka sampe jam 7:30 oke banget sih kalo pgn dinner bakmi karet. Dia juga jual mie yg tipisnya tp aku blom coba. Tapi mie karetnya si TOP!,ChIJs9WSWqX3aS4RODu6lSLDlZo,positive
Warung Betawie H Apen,TB Simatupang,3.0,Kedai simpel dengan tempat duduk standar yang menyajikan masakan tradisional rumahan khas Betawi.,"1. Makanan enak harga wajar, penjualnya ramah 2. Kurang memperhatikan kebersihan 3. Susah parkir mobil or motor 4. Pesen pepes ayam bagian dada, malah di kasih bagian sayap 5. Untuk porsi segitu menurut saya harga tumis oncom kemahalan 6. Sebaiknya tiap menu di cantumin harga,  ini mau pesen makanan tapi saya ga tau harganya",ChIJUaxB6f3taS4RXc53EF6YgKc,neutral
Restoran Sari Minang Juanda Masakan Padang,Gambir,1.0,"Makanan lokal Indonesia, termasuk aneka sajian khas Padang, disajikan di tempat standar bernuansa cerah.","Makanan ga enak, pelayanan 0, mau tau apa yang bisa dibenerin? 1. Pelayan restoran tidak memberikan saya informasi bahwa lantai 1 adalah tempat area merokok. Saya heran kenapa juga gaada tulisan (SMOKING AREA) 2. Makanan anda gaada bedanya sama padang 20 ribuan. Tolong perbaiki segera. 3. Es jeruk yang minuman basic aja kosong?  Untuk total saya makan 122.000 rasanya lebih nikmat makan yang 20.000",ChIJf2wi5ycUby4RSddSL6Py_ME,negative
Sate Waru Pondok Indah,Pesanggrahan,5.0,,"My first time here! Lidah Sapi Cabe Ijo nya Wow banget lagi! Tebel-tebel, empuk..HEAVEN! Sate Ayam dan Sate Kulitnya enak banget yaampun! Sate domba campurnya Melted di mulut.. Overall i Like!",ChIJuY-6j1LxaS4RfovehEmKfO8,positive
Pandawa Lima,Daan Mogot,5.0,,"Makanan semuanya enak, apalagi chicken salted eggnya, uhhh juara. Aku udh nyobain bbrapa kali rasanya endulll",ChIJFVGxqJP3aS4RBVUndrQ9ivo,positive
Warung Aceh Bang Ari Palmerah,Palmerah,5.0,,"Typical Kupie nih, ceiling tinggi, tempatnya spacious dan banyak stalls yang tersedia  Area parkiran luas, area dining juga luas.  Karyawan yg melayani taking order ramah. Karyawan kasirnya butuh lebih banyak senyum.  Makanan yg disajikan tergolong cepat. Saya pesan nasi gurih rendang, rasanya medok, nasinya sayang ga hangat. Rendangnya empuk. Porsinya besar. Secara value ok sih  Ada roti canai gula, ini tipe yg ga kering, cukup buttery dan pas di lidah  Kopinya sih kencang ya. typical kopi robusta. Bikin jantung berdegub cepat  Next time mau cobain Sate Matangnya ah  Kang parkirnya helpful sekali",ChIJuY47SgD3aS4RMsqFtoTwAPA,positive
EAST N WEST XLV COFFEE & KITCHEN,Pulo Gadung,5.0,,"makanannya bervariasi, mulai dari snack sampai makanan berat ada, makanan lokal sampai makanan barat juga ada, dan enak-enak semua! suasana santai dan kalem, cocok buat makan bareng keluarga atau nongkrong. servicenya juga oke banget, mulai dari masuk sampe keluar dibantu👍🏻",ChIJjXJZ4er1aS4RQV7aX4e7fQ4,positive
Warung KagaPuguLagu,Pondok Indah,5.0,,"Makanan enak, tapi tempat parkir mobilnya gak ada",ChIJ56twBhjxaS4RYFIXNeWp1so,neutral
Danau Bakso Cibubur,Cibubur,1.0,,"kapok makan disini mie mie hambar agak keras nguning, rasa kurang enak, pelayanan makan disni kurang mengenakan buat org risih orgnya kurang ramah ke anak kecil",ChIJT3xHPU6TaS4RvYWMNlGyZFU,negative
Richeese Factory Pahlawan Revolusi,Klender,5.0,,"enakk selaluu enakk pelayanan ramah, tapi agak sedikit lama nunggunya walaupun keliatan sepi, tapi gk papa mungkin lg byk orderan online, sukses trss💞",ChIJzbnCYnPzaS4R6xZc8JKF-Q4,positive
Rm. Prasmanan Warung Pojok,Cempaka Putih,5.0,,Tempat yg pas saat lg ga masak .. prasmanan serdang terbaik .. dr segi rasa makanan dan pilihan makanannya,ChIJ_0FeLKb1aS4RU6HKo1LkhjY,positive
Ottoman Restaurant,Kelapa Gading Barat,5.0,,"Tempatnya enak, cozy, cocok juga buat rayain anniv sama pasangan😍",ChIJWXMEMAD1aS4ReeEKKRS_Jug,positive
Warung Makan Bude Suli,Mampang,5.0,,"Worth to buy. Tempat nyaman, makanan enak banget. Tapi saya gk pernah makan disini.",ChIJBcvvYs7zaS4RAWwQ2mHL6aU,positive
Rawon Dapoer Jowo Timur,Pesanggrahan,5.0,,Mantabs banget rawonnya..kuah rawonnya josss..enak..dagingnya empuk porsinya banyak..harganya ga mahal..  Wajib buat para rawon hunter kesini..,ChIJJ6vS6f3xaS4RnWySRuOH6Ws,positive
Bakmie Nirwana,Daan Mogot,4.0,Kedai santai dengan mi bergaya China dengan beragam topping yang populer.,"Bakmi nya enak, tapi babi rica nya ada beberapa potong yang gosong, jadi agak pahit.  Bakso goreng dan pangsit goreng nya cukup enak.  Overall, not bad lah.",ChIJKRmZO5z3aS4RHoDKObynmpY,positive
Saba Coffee and Eatery,TB Simatupang,5.0,,Makanan di Saba enak dan tempatnya cozy banget buat nongkrong..  yuk kesini,ChIJo3MN4wbyaS4RxCELMFRSxMM,positive
RUMAH MAKAN 99 SEAFOOD,Johar Baru,5.0,,"Nyesel banget, tahunan tinggal dijohar baru tau ada tempat makan seafood enak, kealingan pohon warungnya, jadi nggak ngeh, top dah besok2 disini aja",ChIJRfHIqVf0aS4RDtWQXbDUIGM,positive
Bola Seafood Acui,Penjaringan,3.0,Tempat makan lokal yang santai untuk seafood khas Indonesia yang disajikan di ruangan dua lantai yang terang.,"Kemarin cobain saefood disini, overall ok makanannya dan servicenya cepat. Ikan bakar (tipe ikannya lupa tp ikan khas sulawesi), ukuran 3-4 org, ini ikannya segerr, dibakar pas dg bumbu kecap aja biar rasa ikannya original, dagingnya lembut dan ga amis. Dikucurin jeruk limau biar tambah segar. Kerang daranya standard lah ya rasanya, tp enak cocolin sambel saos + jeruk nipis dan bawang putih..mantapp. (walaupun ada kejadian 1 kerang isinya kosonk malah full kayak pasir laut abu2 kental..kata mas2nya itu kerang yg busuk :( ) Cumi goreng tepung porsinya ga banyak tp crispy banget, anak saya sukaa. Pesen kangkung cah bawang putih ga pake tauco, ini porsinya sedikitt bangett. Enaknya lagi disini kalau mau ambil sambel2 dan bumbu2 bisa self service dan bebas mau banyak juga gpp :)  Harganya overall lumayan oke ga mahal kok, total makan ber 4 sekitar 180rb kurang, udah kenyang full plus minum teh hangat.  Rekomen deh makan disini.. ramah2 yg owner penjaga ikan2 freshnya. Sekian review saya, please like, share dan comment dibawah ya kalau bermanfaat.  Thank you",ChIJJQw_eJcdai4RpAy00iLfu64,neutral
Nanasi Resto Manado,Tebet,5.0,,semuah makan terasa enak kaya degan bumbu den rempah2 dan halal juga di makan ciri has resto manado yg halal di jakarta.,ChIJO09Gf6f1aS4RKbat7ruqYhI,positive
WARUNG MAKAN 90,Menteng,5.0,,Thank you boss Parkir ya luas banget,ChIJHRN0KqL1aS4R2oZFnrz5GV8,positive
KLOUD Senopati,Senayan,5.0,,"tempatnya enak buat ngechill, nasgornya terutama yang oxtail mantapp banget dan aku suka cocktailnya",ChIJucjTtQTxaS4RMLU7KcfGB78,positive
Resto Meruya 99,Puri Indah,5.0,,"Pesen nasi capcay. Enak bener. Sayur banyak, tapi daging sedikit. Tempat bersih, sudah langganan dari dulu suka makan disini atau beli bungkus bawa pulang. Ruangan ac enak adem.",ChIJbQ53O2n3aS4RHXyqo9hBgmo,positive
Pondok selera wisma tani,TB Simatupang,5.0,,"Banyak pengalaman seru dan membahagiakan, tidak sengaja bertemu kawan lama, mengajak beberapa rekan-rekan ex kantor maupun anak-anak bersama teman² nya. Sambil melihat bus Basuri yang lewat di jalan raya",ChIJ9dLpokLzaS4Rp1qkkpUenk8,positive
Javanegra Gourmet Atelier & Taverna 212,Blok M,5.0,"Tempat makan yang berkonsep khusus reservasi, menyajikan menu paket omakase gaya Mediterania.","Resto ini lebih seperti kedai kopi modern. Bisa untuk ngopi-ngopi cantik gitu deh. Walaupun tetap ada menu-menu utama nya. Bisa juga untuk keluarga, bawa anak-anak.  Selain untuk makan ditempat, juga menerima catering untuk gathering, baik di lokasi resto tsb ataupun di lokasi diluar resto tsb.",ChIJ22OByHLxaS4RLMY1bVzr_Cs,positive
Citra Landmark Ciracas,Ciracas,5.0,,"Area komersial sebagai ""Urban Oasis"" yang menyenangkan di Jakarta Timur, khususnya daerah Ciracas. Cocok dikunjungi beramai-ramai sebagai keluarga, untuk makan bersama, hangout bersama teman-teman muda untuk aktivitas olahraga.  Parkiran kendaraan memadai dan luas, lalu ada area publik juga. Benar-benar cocok sebagai urban retreat di tengah kota. Semoga kedepan semakin berkembang fasilitas dan kenyamanannya.",ChIJAZkp2PHtaS4RxaFj9-yKVeU,positive
Bebek Muda Ciputat,Bintaro,5.0,,"Lokasinya strategis, tempatnya luas dan bersih, secara menu variatif segala jenis bebek dan signature nya bebek muda nya.  Tempatnya underrated walaupun di tengah kemacetan ciputat  Untuk rasa cukup oke, juicy, dan harga masih ok.",ChIJYX38QwDvaS4RcpnlbDPuBao,positive
Ratu Cobek,TB Simatupang,5.0,,Ikan asinnya mantap harga bersahabat,ChIJj7XYq5j7aS4RpN6e2zETdjU,positive
HAKA Restaurant,Gambir,5.0,"Restoran China luas yang menyajikan masakan Hakka, plus ruang untuk karaoke & acara.","Dateng ke sini bareng keluarga besar buat makan-makan, dan dari awal masuk aja udah kerasa kalau restoran ini emang dibuat khusus untuk acara keluarga. Interiornya punya vibes Chinese traditional yang kuat—banyak ornamen klasik, warna-warna warm, dan meja-meja bundar besar yang bikin suasana makan jadi lebih komunal. Tentu aja ada meja puter (lazy susan), elemen wajib restoran Chinese yang bikin setiap orang bisa ambil makanan dengan mudah tanpa ribet.  Ruangannya cukup luas dan tertata rapi, jadi walaupun datang ramean tetap terasa lega. Bahkan restoran ini memang dikenal bisa dipakai untuk acara sangjit, dan memang cocok banget karena ambience-nya elegan tapi tetap homey. Jadi buat acara keluarga besar rasanya pas, ga terlalu formal tapi tetep ada nuansa “momen spesial”-nya.  Soal makanan… jujur ga ada yang gagal sama sekali. Pilihan menunya banyak, dan semuanya bener-bener rasanya medok, seasonings-nya masuk banget, tidak ada menu yang bland atau setengah-setengah. Menu seafood fresh, dagingnya empuk, ayamnya flavorful, sayurnya pun diolah dengan bumbu yang berasa banget. Kuah-kuahan dan supnya juga enak, bukan tipe yang cuma asin doang. Pokoknya setiap hidangan tuh terasa kaya dan autentik.  Yang bikin makin nyaman, pelayanannya cepat dan sigap. Staff-nya selalu standby, perhatian sama meja, dan langsung datang kalau ada yang diminta. Refill teh ga perlu diminta dua kali, piring kotor cepat diberesin, dan semuanya dilayanin dengan cara yang proper ala restoran Chinese yang profesional.  Makan di sini tuh rasanya bener-bener lengkap: suasananya pas, makanan enak, porsinya aman, dan cocok buat segala umur. Anak kecil sampai orang tua semua nyaman makan di sini.  Pokoknya kalau lagi butuh tempat buat makan keluarga besar, atau pengen Chinese food yang autentik dan medok banget, restoran ini tuh salah satu pilihan yang paling aman dan satisfying. 🥢✨",ChIJAU_iZMX1aS4RYAWHm-k4zOw,positive
Bakerzin Plaza Senayan,Sudirman SCBD,1.0,,"Pesan 3 menu, suasana sepi,yg 1 menu sampe mau plg ngga keluar2, kasirnya bilang masih proses, tidak ada permintaan maaf. Kapok ngga akan kesini lagi.",ChIJt6r_30jxaS4RWmcuu-kUjLU,negative
Dapur Kito Bintaro,Bintaro,5.0,,"Salad buahnya enak banget. Pertama kali nyoba yang di BSD, cuma karena sekarang udah pindah dan sering kosong jadi saya order di Bintaro via traveloka. Dari sekian salad buah yang pernah saya coba (gak tau udah berapa tempat, saking cinta nya sama salad buah) ini SALAH BUAH TERENAK. No debat. Pecinta keju atau yang suka creamy, salad buah ini cocok banget asli. - Pemilihan buah (anggur, apel, lengkeng) pas karena ini penting banget, pemilihan buah dengan rasa yang netral gak dominan dan gak terlalu mengandung air. - Dressing kental, karena kebanyakan salad buah dressing nya agak encer jadi pas dicampur dengan buah yang masih mengandung air jadinya malah makin encer (jatohnya kayak sop buah 😅) tapi salad buah ini kental jadi ngblend banget sama buahnya dan RASA dressing nya creamy (sepertinya ada campuran keju) - Topping nya bener2 keju yang berkualitas baik. Kebanyakan salad buah tampilan keju nya banyak, tapi rasanya gak NGEJU 😢 salad buah DAPUR KITO ini saya yakin pake produk keju yang berkualitas baik (merk Craft) sepertinya.  Ditambah pelayanan ramah. Terima kasih ya. Pertahankan kualitas produknya 👍🏻",ChIJcS9D1ybxaS4RoxlCRXiwocc,positive
Warung Emak TTKDH,Sunter,5.0,,Yuu mampir dulu ☕ ngeteh minuman es rasa apa aja ada 👍👍👍,ChIJje0Qd9cfai4RtVc_QtLn1H0,positive
Warung Ramesan- Moi,Kelapa Gading,5.0,,"Tempat nya Bersih dan nyaman, Makanan nya jangan ditanya Sesuai selera Lidah Indonesia, Enak Banget👍👍👍",ChIJM9C7P3_1aS4Rg41fS_aTjNI,positive
TANG SATE MADURA,Makasar,5.0,,"Terenak, terbersih Ter Ter Ter semuanya sepondok gede. Jumbo banget satenya. Sukses selalu cak",ChIJwVjrXkuNaS4RDmZ9aV81Gng,positive
Suji - Suan Cai Yu | One Satrio,Kuningan,5.0,,"Enak, worth it porsinya gede, service very good waiternya informatif dan baik. Pesan sup ikan sayur asin gurame goreng, kulit tahu, dan cumi goreng bawang putih. Cumi goreng bawang putih the best👍",ChIJGUAiMl_zaS4RVGMlnfKNp8E,positive
MARKT,Kebayoran Baru,5.0,,Nemu tempat brunch yang nyempil tapi rasanya sih memuaskan banget… chicken crispy-nya enak banget… kopinya juga enak… ada salt bread juga… yang mau brunch di daerah selatan bisa nyasar kesini buat cobain….,ChIJL5Kv10rxaS4RTYS7DOD8RNM,positive
Thien Thien Lai Restorant China,Taman Sari,4.0,,"Modern chinese food, harga agak upside, pelayanannya kurang tanggap..food taste cukup okay tapi tdk mind blowing",ChIJl2Tz-Pj3aS4R4LBZsYK_WEo,neutral
Thole Bakmi Jawa,Cilandak,1.0,,"Sebelumnya mohon maaf jika mungkin rating service nya bad, karena saya sudah pesan makanan jam 08.00 dan hanya baru 1 makanan yang datang setelah 15 menit, makanan lainnya hampir menunggu setengah jam, padahal orang lain yg baru datang sudah disediakan. Mungkin ke skip ya atau bgmna, mohon kedepannya agar ditingkatkan pelayanannya.  Terimakasih",ChIJfbO4WjHxaS4Ryq26x7Qba_0,negative
Loewy,Kuningan,5.0,Bistro klasik yang terinspirasi Paris & New York tahun 1940-an yang menyajikan menu khas Eropa kontemporer.,"Tempat ini selalu ramai, brunch hari ini pun juga cukup ramai. Tempat nyaman dan pelayanan sangat baik.  Ambiance sangat chill dan asik.  Coffee so good, recommend.",ChIJNejSzeTzaS4R4H-4VM-q3gc,positive
Oenpao ( Ancol ),Pademangan,5.0,,"Tempat keren,pas untuk santai",ChIJRQFbWTweai4RmugeEHmETOo,positive
"Islah 25 - Hobi Makan Pedas, Karang Tengah",Lebak Bulus,5.0,,"Sambalnya mantap, pasti ga bakal nyesel deh klo udah tau rasa pasti bakalan balik lagi.",ChIJz1qYKmfvaS4RSHm6VPPzCR0,positive
Soto Betawi Ondel Ondel,Bintaro,5.0,,"Gimana ya jelasinnya, pokoknya soto betawi di sini enak! Meski harganya relatif ke atas, sepadan dengan porsinya yang besar. Potongan dagingnya juga banyak, kuahnya memang encer namun kaya rempah, dan irisan sayur pelengkap seperti tomat dan kentang yang tidak pelit. Untuk nasinya, yang bikin tambah sedap ya taburan bawang gorengnya dong. Dengan perasan jeruk limau yang pas, rasanya mesti akan sempurna.  Mungkin satu yang jadi PR, perlu disediakan porsi kecil/hemat dari menu soto betawi ini agar bisa dinikmati masyarakat secara luas. Plus, kondisi tempat mungkin bisa mulai dipertimbangkan apabila ada pengunjung yang memilih dine-in seperti saya.",ChIJdd_VkTDwaS4RxYN2lxV5lms,positive
Obonk Steak & Ribs Buaran,Klender,4.0,,"Sauce barbekue nya sih perlu perbaikan, cmn dapat menu zonk jg kmrin.. Pesan sirloin yg impor malah banyak uratnya.. Jd malah alot dan banyak yg ga kemakan.  Next klo banyak uratnya jgn disajikan, biar pelanggan tdk kecewa  Plus: ada musola nya",ChIJRSULT6-MaS4R-Wfm65vFZ1U,neutral
Sogogi Shabu & Grill Pondok Pinang,Pondok Indah,1.0,,"20 Maret 2025, saya sudah chat untuk reservasi dari jam 8 PAGI (bukti akan terlampir), tapi tidak ada jawaban. Lalu saya pikir yasudah bisa saja datang langsung karna tidak ada jawaban apa apa. Namun saat saya sudah sampai di lokasi, SAYA DITOLAK KARNA MENGATAKAN TIDAK RESERVASI. DENGAN DALIH ""oh kalo chat nya gak dibales berarti udh full booked kak"". WHAT ON EARTH MANA SAYA TAHU KALO ITU BAKAL SUDAH FULL BOOKED JIKA TIDAK ADA JAWABAN. DAN SAYA SUDAH CHAT DR JAM 8 PAGI MASA IYA SUDAH FULL BOOKED!!!!!!  Yg sangat saya sayangkan kenapa TIDAK ADA KONFIRMASI jika memang sudah full booked. Buang2 waktu.  SAYA SANGAT KECEWA DENGAN PELAYANAN YG SEPERTI INI. BAHKAN PERMOHONAN MAAF PUN TIDAK ADA DR KARYAWAN CABANG PONDOK PINANG MALAH KETAWA2 KARYAWANNYA.  TERIMAKASIH.",ChIJs85VUGX3aS4RJ31qzps1ZaM,negative
MALACCA TOAST Kelapa Gading,Kelapa Gading,5.0,,Indoor dan outdoor. Penyajian cepat dan tepat. Tempat bersih. Rasa OK. Minuman fresh : jeruk nipis. Belum ada jus buah.,ChIJ2zJQ0TH1aS4R-pFwrEc6RHU,positive
RM Khas Ciganea Purwakarta,Tanjung Priok,5.0,,"Rumah makan rekomendasi banget, buat acara dan kumpul2 wajib di coba, rasa dan harga terjangkau, apa lagi nasi liwet dan sambal dadak ya, nampol bikin nagih, pelayanan ramah",ChIJRX9Sfjcfai4RniUbV0VkBOU,positive
Bubur Kwangtung,Kebayoran Baru,4.0,Restoran santai yang menghidangkan porsi besar bubur khas Asia & makanan lezat di tempat sederhana.,"Selain bubur, menunya banyak yg ga ready/habis. Padahal jam 07.30 Pagi.  Parkir susah  SeBaiknya reservasi dulu",ChIJixO9b2fxaS4RkDd-SPT037k,neutral
Nasi Uduk Betawi Pengadegan Bang Awi,Pancoran,2.0,,Asli ya liatnya rame penasaran beli. Gila kena scam asli… Beli nasi pake jengkol sama tempe goreng 14k trus bilang tuh pak awinya. “Mau pake kantong? “Ya sama karna makan dirumah pake pak masa iya di tenteng tenteng kertas nasi. Di jawab “pake kantong jadi 20rb kantongnya mahal mbak” Lah gila kali ..saya juga dagang pak harga kantong kresek mah murah Asliii takut balik lagi.. maaf pak kapok saya,ChIJE60BgrrzaS4R2U-iYdYnuUY,negative
Chinese Food Pak Nano,Senen,1.0,,"yg bener aja tempat kecil harga makanan pricey, mana rasanya gak standar aja. mie goreng dengan isian telur, bakso, ati ampela 60rb tuh too much bgt sih. not recommended.",ChIJx3HX_jX0aS4RqmLExh-tS7s,negative
Tribes Cafe,Kelapa Gading,5.0,,"Tempatnya bagus, rapih, bersih dan nyaman buat nongkrong",ChIJ1TPzjnuLaS4RfmpSA0NVn_0,positive
Rumah Makan Padang Minang Permai Kemanggisan,Kebon Jeruk,5.0,,"Rasanya mantap, harga murah, yg ingin take away pengemasan nya juga rapi, rasanya seperti keinget masakan kampung kembali, semoga sukses",ChIJB5kppjD3aS4RhM2fhAlK67E,positive
Waroeng Aw,Kebon Jeruk,5.0,,Pasilitas yang memuaskan,ChIJ3X91Ah_3aS4Rmzs3CxjRANQ,positive
WARTEG INDRI putri,Daan Mogot,5.0,,Sop sapi nya seger bnget rempah rempah nya sangat terasa sop sapi sama nasi 20.000 kenyang enak seger sampai Berkringat jangn lupa minta cabe rawit biyar tambah melek,ChIJodstC7T3aS4RcznbDb6u0GM,positive
Cafe Safari,Kebayoran Lama,3.0,"Tempat makan dengan menu internasional yang menyediakan layanan bar lengkap, tempat duduk outdoor, dan Wi-Fi.","Saya disini pesen ted steak pancake mixed berry. Steaknya gak seger trus pancakenya jga gak enak. Kelebihan disini hanya karena ada live musik dan cocok buat kumpul2 komunitas. Pelayanan memang ramah, toilet juga bersih. Parkir juga lumayan susah karena space parkirnya sedikit.",ChIJ6UxHfRPxaS4Rl0E49c8nPdQ,neutral
SHSD Sambel Hejo Sambel Dadak Cempaka Putih,Johar Baru,5.0,Masakan khas Sunda tradisional yang disajikan di ruang nyaman bernuansa santai dengan tempat duduk outdoor.,"Tempatnya bagus dan nyaman, banyak ornamen dan furniture jadul untuk spot foto, lengkap ada speaker, cocok untuk acara. Pelayanan nya cepat, saya sendiri kemarin mengadakan acara disini. Terimakasih team SHSD, semoga sukses terus",ChIJe_oXX1X0aS4Rr5jU94vw8M8,positive
Aping Chinese Food,Central Park Mall,5.0,,"Chinese food yg nyempil di ruko tapi okee untuk makan malam. menu menu nya banyak pilihan dan cocok di lidah,menu nya bisa pilih ukuran small atau medium. yang agak susah sih parkiran mobil nyavya sempit dan kurang. tempatnya juga kurang besar. lumayan oke kalo pas ke daerah jakarta barat pengen chinese food bisa mampir ke sini..",ChIJ6xlqIFf2aS4RZIJxsEGfIyU,positive
Shi San Dai Dimsum & Restaurant Sunter,Sunter,4.0,,"Tempatnya pas sebelah Glossmate, bisa untuk tunggu saat cuci mobil. Tempatnya cukup nyaman dan servisnya ok. Tp banyak yang lalu lalang karena utk memanggil orang yang mobilnya sudah selesai dicuci.  Buat makanan, rasa kwetiau gorengnya so-so for me. Iga bakar lumayan empuk. Buat minuman ok, minuman proteinnya enak.",ChIJhTBQgRX1aS4RPjY1xY5QS8Q,neutral
Dapoer Biranda,Jatinegara,5.0,,"Suasananya enak,makannya enak,pelayanannya ramah Goodjob,",ChIJKQGJIwDzaS4RmEyctdZfu38,positive
Rumah Makan Iga Sapi MANDIRI Kramat Jati,Kramat Jati,5.0,,"Nyaman untuk santap dan santai. Harga terjangkau kantong, harga kaki lima rasa bintang 5.",ChIJy97Kb8LzaS4RTvsrXwFJhu8,positive
Rumah Makan Ampera,Koja,5.0,,"Makanannya enak dan lumayan terjangkau harganya, cuma lahan parkirnya sempit bahkan untuk motor sekalipun",ChIJq23QoMUfai4RWbSL2_nbcgo,positive
Kedai Steak Nusantara Cibubur Kranggan,Cibubur,3.0,,"Semoga bisa naik kelas dengan tidak memberikan ruang bagi perokok.  pikir saya inikan restoran, steak, kebanyakan yg datang kalangan menengah ke atas. Bukan steak ala ala warteg. Bukan pula warkop. Manajemen jangan ragu ragu untuk tidak memberikan ruang bagi perokok.",ChIJheigSwWTaS4RWVygKNOZVfM,negative
Lumpang Emas Signature - Prapanca,Kebayoran Baru,5.0,,"Makan siang disini ketika acara penutupan sebelum Bulan Ramadhan  Terimakasih bapak dan Ibu, yang telah mengajak kami makan siang disini  Posisi di pinggir jalan arah Blok M, Tapi jika ingin mampir kesini dari arah Antasari disarankan jangan naik Flyover, karena posisi resto tepat di sebelah flyover Antasari  Tempat parkir resto kecil, namun cukup menampung 4-5 mobil, serta beberapa motor  Resto sejuk, tenang dan bersih banget Kita booking, room yang privat dan pelayanan nya gercep serta staff nya ramah banget Sangat membantu customer  Menu variatif dengan rasa yang lumayan enak Minuman juga, harga lumayan mahal ya Namun sebanding dengan pelayanan dan tempat yang sangat nyaman  Resto terdiri dari 2 lantai, semua tempat dari resto ini aesthetic banget  Toilet bersih, namun untuk musholla agak kecil dan panas.. berbanding terbalik dengan keadaan resto yang serba nyaman di setiap bagian  Overall oke.. Sukses terus resto Lumpang Emas",ChIJD-TCQHPxaS4R2Ht75sQ3inw,positive
Warung Makan Alinda,Pancoran,5.0,,Warung makan kaki 5,ChIJCyCpccbzaS4REE1H2GecR-A,positive
Khanza food and drink,Pasar Minggu,5.0,,Tempatnya bagus dan rapih,ChIJjfQCW_LpaS4R5pdqcmFQBos,positive
"Warung sate solo pak ""Alex""",Bintaro,5.0,,"Enak, nasi + tongseng, 25 rb, kuah cenderung encer,  tp banyakan kol nya drpd daging Masih bisa lebih bersih dan terang. Parkir susah",ChIJ-yOCGxjwaS4RBtUw7aqYCFI,positive
warung kartini,Tebet,5.0,,Menu amsaan jawa lengkap bersih. sayang ga tiap hari buka. Masakannya lengkap dan seger. Enak buat buka puasa,ChIJW_-QGXbzaS4RWaOfHF2mRJc,positive
Monday Breakfast Club,Puri Indah,5.0,,My 2nd visit. Love the ambiance. Enak buat brunch. Slalu order poffertjes nya enak bgt wangi & udah include maple butter. Wish kedepannya lebih banya menu western brunch lainnya❤️,ChIJkwHLt5z3aS4Ri0xqr3ManZo,positive
HokBen Rawasari,Johar Baru,4.0,,"Tempatnya kecil, seukuran ruko, saat datang AC nya tidak hidup. Jika diperhatikan yang datang kesini lebih banyak take away seperti orderan GoFood dari pada makan ditempat. Hokben buka 24 jam, kalau susah cari makan GoFood aja, ini yang terdekat dari rumah.",ChIJq1rbrvD0aS4RZscULL3aIDw,negative
Kawanua 86,Pondok Indah,5.0,,Rahang tuna nya lumayan enak si. Cuma sayang nasi nya sedikit keras. Pelayan nya sangat ramah. Semoga bisa lebih ramai lagi ya,ChIJL56N1_TtaS4RMshtLCgPQw4,positive
Dapoer Almunna,Jatinegara,5.0,,"Enak bgt sotonya berasa semuanye,, pake nasi mantep bener ajiiiibbbb....sedaaaaap🤤",ChIJuXxmYgD1aS4R7IuhaoU5wTA,positive
Warung Makan Simpang Galanggang,Daan Mogot,5.0,,"Selalu order di GoFood. Rendang dan ayam bakar enak, dan menyediakan tempe tahu. Bisa minta nasi hanya setengah porsi saja",ChIJfwS7nKb3aS4R7MStdWasEJI,positive
RM Kemang Sari,Pondok Kopi,5.0,,"Lokasinya adem, parkir luas.. masakannya juga enak...mantabb.. rekomendasi sekali",ChIJcdVE7CzzaS4RII7fnCh7ksc,positive
Sego daun,Central Park Mall,5.0,,"Nasi bakar cuminya enak :( kangen banget, apalagi dimakan sama petenya selagi masih hangat. Setiap grab food pasti porsi yang besar hahaha Tapi karna sekarang tinggalnya di Selatan, mau grabfood kejauhan :( Kalau main ke Barat pasti mau pesen ini deh  Nasi bakar cumi (9/10).",ChIJyatB9Sv3aS4Rcyq90CRZXfE,positive
Karya Minang,Kuningan,5.0,,"Gada obaaaat, enak semua. Gajeboh nya empuk dan bumbunya enak banget legendaris. Rendang nya pun rasanya nendang. Makan ditempat maupun di gofood rasa dan porsinya masih sama konsisten. Gak heran kalo cepet habis lauk lauknya.",ChIJXbFN1MLzaS4RvM_rBFGdmYE,positive
rumah makan ibu tinah,Jatinegara,5.0,,Banyak menunya,ChIJb3Ds9GPzaS4RbsdHLEPeUOU,neutral
Saung Kita Tanjung Duren,Grogol,5.0,,Tempat Makan Yang Nyaman. Bersih & Parkir Yang Cukup. Makanan Tidak Ada Yang Zonk. Enak Semua Apalgi Paketan Keluarga Nya. Bisa Request Party kcil2 an Karena Saudara Ultah. Thanks Team Saung Kita Tj Duren,ChIJvxe8QVf2aS4RLCn-Kk-PXeQ,positive
Fafa Resto & Coffee,Kembangan,5.0,,"Tempatnya nyaman, makanannya murah, enak, terima penginapan karyawan kantor, ada ruang untuk pelatihan sprti bnsp",ChIJLeVN-yv3aS4Ri7DqJ6dtOns,positive
Rumah Makan Minang Sepakat,Matraman,5.0,Makanan daerah Indonesia disajikan di tempat makan terang & penuh warna dengan dekor kontemporer.,"Alhamdulillah mantap jiwa menghadapi panas di luar, tiap ke daerah matraman, absen dulu nambah nasi pakai kuah luber 😍🥹🫶🏻.",ChIJ2eFZGWb0aS4R6rTRnTWf3uw,positive
Gado-Gado Kartika,Fatmawati,5.0,Restoran simpel yang menyajikan gado-gado tradisional & hidangan klasik Indonesia lainnya.,"Gado-gado Kartiko ini cukup legend, harganya juga premium banget. Areanya cukup luas. Jadi bisa memuat orang banyak. Tempatnya di ruko agak masuk ke perumahan. Gado-gadonya enak banget, loteknya juga. Pelayanannya cepat dan ramah.",ChIJj0l4FanxaS4Rq3ophPQoBdo,positive
Warung Sate Haji Giyo Original,Jatinegara,4.0,"Restoran simpel yang menawarkan sate & nasi goreng, plus sup lezat.","Tempat nya ada di pinggir jalan raya Jl. Basuki Rachmat (dekat pasar Gembrong). Space untuk parkir ada, mobil mungkin bisa muat 5 dan motor muat sekitar 10 sampai 15 an. Tempat nya cukup bersih, tempat duduk tidak terlalu banyak, ruangan ber ac, dan  juga ada toilet nya yang cukup bersih juga. Harga Sate nya agak pricy, 10 tusuk (sate kambing dengan lemak) harga nya 75.000 tanpa nasi sedangkan 10 tusuk (sate kambing tanpa lemak) 85.000 tanpa nasi. Ukuran sate nya lumayan besar dan daging nya empuk, rasa nya 'so so' sebagaimana sate kambing pada umumnya. Salah satu kelebihannya (mungkin) menu nya yang banyak variasi nya, minuman juga banyak variasi nya.",ChIJ7URWTc_zaS4RYmfdrMg23Vk,positive
De Luca Plaza Senayan,Senayan,5.0,Menyajikan pilihan lengkap makanan ala Italia dan minuman koktail. Lokasi yg strategis dan nyaman.,"Ambience nya sangat cozy, Bisa smoking di dalam tapi tetap nyaman Gak terganggu asap rokok. Untuk dessert nya enak. kesini buat chill sore sama temen2  For more reviews check my IG : @farenavirginia",ChIJz9G3IEnxaS4RoTWyTFZ9lME,positive
rumah makan ibu tinah,Jatinegara,5.0,,Yah....bagi....kalian semua bila lapar jangan lupa mampir ke rumah mkn ibu Tinah makanya enak sehat...higynis,ChIJb3Ds9GPzaS4RbsdHLEPeUOU,positive
Kedai Lilie Singkawang,Tanah Abang,5.0,,Iga bakarnya enak bangat. Dikasih sop sama sambal juga. Puas bangat makan disini 👍. Pasti bakal balik lagi si kalau lagi pengen iga bakar 😋,ChIJPW_L7yD0aS4Rg5THfHxN7zQ,positive
Lapo Marpadotbe,Jatinegara,4.0,"Makanan khas Batak, termasuk aneka menu babi, yang disajikan di kedai makan sederhana dan terang.","Tempat bersih. Pelayanan cepat. Hanya saja perlu edukasi lebih untuk karyawan perihal product knowledge, agar lebih bisa menjelaskan jenis makanan dan menu yang disediakan.",ChIJkzarlI70aS4RLdQw5l4qOEY,positive
Resto Salemba 43 - (Cabang Rawamangun (Kopi Tiam & Ex Bakmi Salemba 43)),Pulo Gadung,4.0,,"Enak dan porsi banyak, cocok untuk makan Tengah.. Untuk menu salted egg nya tolong di improve biar lebih berasa ya Kak, makasih",ChIJUUhyh071aS4RIbd-jRXm18E,neutral
KerenYes Kampung Melayu,Jatinegara,5.0,,"pernah nongkrong disini, bukan cuma ayamnya yang enak tapi vibes angkringannya berasa juga, nice to try ✨",ChIJ47N8DgDzaS4RQz5yD5eMJcs,positive
Roti Panggang Palasari,Penjaringan,5.0,,"bila kamu hanya ingin nongkrong sambil menyantap makanan ringan, kamu bisa segera melipir ke kedai roti panggang ini. Di sini juga jual indomie dengan telur setengah matang pakai daging kornet. Wuih, gokil!  Harga makanan :",ChIJUyNrqO0dai4RMogmDyRvOro,positive
Sayur Asem Mpok Nasah,Kembangan,1.0,,"Perlakuan restaurant ini terhadap driver sangat buruk, sangat tidak di prioritaskan, saya bahkan sampai menunggu 20 menit hanya untuk menunggu pesanan saya datang, restaurant ini terlalu mengeutamakan customer tanpa menimbangkan driver, dan menurut driver lain, hal ini sudah cukup umum di kalangan driver bahwa restaurant ini memang memperlakukan driver dengan buruk.",ChIJz4av1k33aS4RDO4yLzi5Vlk,negative
Nasi Goreng Kambing Warung Jati Barat,Mampang,5.0,,"Lagi nginep di ra inn pas lebaran.. iseng jalan.. buka,, nasgornya porsi gede banyak dagingnya.. nasgor kambing 22 ribu.. daging empuk.. worth it banget",ChIJU6ZqaC3yaS4R8VVc8kGx1Ow,positive
rumah makan yense,Penjaringan,4.0,"Restoran kasual dengan aneka hidangan daging babi, sapi, dan mi ayam di tempat mungil.",Pesan nasi hainam 3 kombinasi dan bakmi. Rasanya enak semua. Untuk pelayanan cepat. Untuk tempat bersih.,ChIJ394wXqIdai4Rk5tADrsl_1A,positive
Bun Voyage Burger Docks,Blok M,5.0,,"Tempatnya bagus , pelayanan ramah buat ojol",ChIJ1R-VCN7xaS4R4k9SejH6GVg,positive
Nasi Goreng Warung Udin,Pulo Gadung,5.0,,"Nyaman ,banyak menunya dan enak",ChIJY5XeDq31aS4R05OzjHTXdOY,positive
WARTEG ORENS BAHARI 143 SLIPI,Palmerah,3.0,,"Tempat nya sempit, klw siang lumayan antri. Untuk rasa msh kurang konsisten, kadang rasa nya agak asin. Untuk harga msh terjangkau. Msh cukuplah uang mu klw mau traktir aq 😆",ChIJh618QO73aS4RC0hk9nwjgnU,neutral
Rumah Makan Beringin Sari Masakan Padang,Grogol,5.0,,Masakan nyh enak bikin ketagihan.. Menu nyh juga komplit.. Pelayanan 👌👍,ChIJ6Unm8fn3aS4RBZc6P0dFWaU,positive
Pancong Rest Coffee Rawabelong,Kebon Jeruk,1.0,Tempat nongkrong simpel yang terkenal dengan aneka rasa kue kelapa pancong dan camilan klasik.,"yg bikin kue sambil ngerokok jorok bgt 🤮 mesesnya berasa bgt curah🤮 Tukang parkirnya apa bgt modal narikin motor gue pake nanya, ""makan disini atau dibungkus, "" Kek urusan lo apa? Oh ternyata dibedain 🤣 bungkus (PAKEK STEROFOAM YUCK) 2rb parkir, makan di tempat parkir 3rb kek....Apa sih bikin badmood, ga nyaman.",ChIJrTZ5Ldr2aS4RSotNVDQzt2I,negative
Kantin Tenda Biru,Pondok Indah,5.0,,"Enak, adem, cocok buat santai..",ChIJk_Z6gcjxaS4Rn0mMQdG8bQM,positive
MCG KOPITIAM,Cengkareng,5.0,,"Randomly choose place for 'nongkrong' with my friend. Awal saat dtg bingung parkir utk motor, ternyata agak masuk ke dalam semacam rumah mungkin(?), jadi aman dan teduh. Pelayanan para staff sangat ramah. Makanannya enak2, harga juga masih affordable. Kami mencoba nasi goreng rempah seafood, lumpia goreng, bihun goreng seafood, dan nutella cheese toast. Varian makanan dan minuman yang tersedia juga banyak. AC dinginnn jadi nyaman banget utk nongkrong lama2 di sini.",ChIJSTC_rVz3aS4RG-mvj8DIyuw,positive
Rumah Tua (d.h RBS Mampang & Fingers Butter Rice MAMPANG,Mampang,5.0,,"Murah 25 aja /jam, Karpetnya baru jadi lebih enak, klo aus pesen es teh mba sama masnya ramah, parkir juga aman disusun rapi sama masnya  paling kekurangannya stiknya ada satu yg ga lurus tapi tetep oke, sama klo lg ada yg karaoke brisik betul",ChIJwxZZkv_zaS4RyxBd7Twpgzw,positive
WARUNG HAJI SILO,Jagakarsa,5.0,,"Tempatnya lumayan bagus, banyak yempat duduk, pencahayaan malam bagus untuk poto, makanannya beragam, minumannya juga beragam, harga lumayan tuk sekali2 saja ga masalah tapi kl untuk makan berlangganan harus cek isi kantong dulu... Overall bagus",ChIJ75XqlbntaS4RiPRlSAqx5BQ,positive
"Rumah Makan ""Pawon Ibu Jur""",Kelapa Gading Barat,5.0,,"Masakan enak banget, pelayanan prima (y)",ChIJ8YygUiX1aS4RiiwiC2UyNwk,positive
Angel Lesehan,Pondok Indah,1.0,,"Tgl. 27 juni 2019, pkl. 00:12 WIB makan disini cuma gegara pesen teh tawar pelayanannya yg dongo dan jamet itu numpahin air kaga ada minta maaf nya, emang",ChIJsXdmgZbxaS4RXk0HlMzYn8k,negative
Restaurant rempah nusantara,Tanjung Priok,5.0,,Room indoor dan outdoornya nyaman cocok utk acra keluarga atau acara lainya.utk harga mkanan terbilang murah dan enak.pokonya recommended.,ChIJYaq8piofai4Rl5ZJnyVWQeQ,positive
Warung Lalapan 38 AD,Sawah Besar,5.0,,"..recommended !,  good food, a lot of vegetables and very affordable.. nasi, sayur kacang & tauge, ayam kecap, kentang balado, keripik kentang ~ 22000 IDR ~ $ 1.50",ChIJESQE8L71aS4R1839StQvblE,positive
Bola Seafood Acui Kedoya,Daan Mogot,5.0,,"Menu ini langsung jadi bintang utama. Aroma asapnya wangi, meresap sampai ke dalam daging kepiting tanpa menutupi rasa manis alaminya. Tekstur dagingnya tebal, lembut, dan juicy—tanda bahan segar dan teknik masak yang tepat. Bumbu gurihnya seimbang, ada sentuhan smoky yang elegan, bukan pahit. Makan pakai tangan bikin pengalaman makin nikmat.  Ikan bakarnya dimasak pas—bagian luar sedikit crispy dengan bekas panggangan arang yang harum, sementara dalamnya tetap lembut dan moist. Bumbu meresap sampai ke tulang, ada rasa manis, gurih, dan sedikit pedas yang bikin nagih. Disandingkan dengan sambal dan perasan jeruk nipis, rasanya makin hidup.  Kerangnya segar, tidak amis, dan teksturnya kenyal empuk. Sausnya kaya rasa—perpaduan gurih, bawang putih, dan sedikit pedas yang bikin sausnya layak diseruput. Porsinya juga royal, cocok buat sharing.  Kombinasi tiga menu ini bikin pengalaman makan seafood jadi lengkap: kepiting asap sebagai showstopper, ikan bakar yang comforting, dan kerang yang kaya rasa. Cocok untuk makan rame-rame sambil santai.",ChIJqSIk8Kv3aS4R85yh6K1YC2c,positive
Rumah Makan Padang 7Datuak Lippo Mall Puri,Puri Indah,4.0,,"Nasi Rames (IDR 20K) -Porsi sayuran nya agak sedikit. Kol dan daun singkongnya cukup enak.  Rendang (IDR 37,5K) -Pertama kali nya nyobain rendang di rumah makan Padang (yang ada potongan singkong garing bentuk kotak-kotak), cukup unik rasa nya. Secara keseluruhan rasa rendang nya cukup pedas.  Perkedel (IDR 15K) -Rasa dan ukuran nya standar.  P.S.: -Harga belum termasuk tax 10% dan service charge 5%.",ChIJHbZ5LQD3aS4RzjqvMIU18Tc,neutral
Warung Nasi Ngapak,Kembangan,5.0,,Tempat maksi enak dan terjangkau...bersih juga.....maju terus warung ngapak.....,ChIJ6043bGz3aS4RBrXTSA77U6k,positive
LéLabuan Eatery,Kelapa Gading,4.0,,"Mampir ke cafe yang menjual serba labu. Letaknya ada di lantai lima, nanti masuk dari salon dan bisa diakses melalui lift. Tempatnya ga terlalu besar, areanya memanjang gitu.  Menunya selain ada kopi dan non kopi, ada juga makanan dari pillow bread, tart, light bites dan main course.  Aku pesan iced caramel machiato, lagi ada promo di weekdays dan dapat free tea, aku pilih strawberry tea.  Iced caramel machiato, oke juga ga terlalu berat dan manisnya masih pas. Strawberry teanya juga enak dan porsi gelasnya besar.  Pesan tartnya juga, kalau di sini disebutnya crown, aku pilih yang tiramisu. Agak susah dipotong, mungkin karena dari kulkas. Isiannya pakai labu gitu, enak dan manisnya dari labu.",ChIJlai18yf1aS4RSuj3HLkr7so,positive
"Pepes Dan Urap Ibu Pat, Kemang",Kemang,4.0,,"Enak, tapi lokasi sulit ditemukan.",ChIJX2qkXszxaS4R8qapRqXAC9Y,neutral
Bakmi Mitra Rasa MR Ciputat Timur,Bintaro,5.0,,"Bestttttt! Dupe nya bakmi g* 😆 porsinya banyak, harga terjangkau, rasanya enak. Pangsit gorengnya juga best.",ChIJL8rP-NnvaS4R6Qx2u9qkVnU,positive
Kalisari,Pasar Rebo,5.0,,Mantap,ChIJeafEz9jtaS4RLubehulXdEQ,positive
Bubur Ayam Dua Mangkuk,Cempaka Putih,5.0,,"Lokasi nya mudah di jangkau, tempat parkir nya di sepanjang jalan dekat lokasi dagang, pelayanan nya cepat dan ramah, rasa bubur nya gurih, enak banget dengan berbagai macam variasi topping, kebetulan saya pake topeng ayam merah dan pesen telor pisan (ini juga enak, tapi tergantung selera), tersedia juga menu lain nya yang bervariasi, sedangkan harga nya masih tergolong wajar lah. Itu kalau makan di tempat - dine in ato pesan bungkus untuk dibawa pulang. Tp kalau pesan melalui jasa online food, silahkan banding kan sendiri harga nya dan itu terserah konsumen untuk memilih. Yang jelas cita rasa bubur nya wueenaaakkkk......layak untuk mampir kembali.",ChIJZ3OL5FP1aS4RDN2d2LDnujI,positive
Tenda Esther Chinese Food,Pulo Gadung,5.0,,"Nasgornya enak buat ukuran 25rebu, tapi siap2 aja jgn dateng pas lg laper banget kalo lagi rame nunggunya hampir sejam",ChIJX5N2tcD0aS4RfsCteKTxS30,positive
Kedai Lesehan AT,Matraman,5.0,,Mie ayam paling the best se matraman sih inii wajib dicoba gaess,ChIJH5dPLLj1aS4RmcePDwGoPsg,positive
Dapur Malaka,Buaran,5.0,,"Menu masakannya variatif, bisa Japanese, bisa indonesia banget. Untuk Rasa, jgn tanya pas bgt di lidah. utk dimsum nya... hhmmmm... lezzattt dan enak...",ChIJ79nxNSeNaS4R0KmjB6oGk-U,positive
Rumah Makan Ngesti Rasa,Pasar Minggu,5.0,,"Serasa kembali ke Jogja ketika masakannya terasa di lidah dan mulai memasuki tenggorokan, gurihnya krecek serta kacang kedelai serta telor semur dan pedasnya sambal sangat menggugah selera",ChIJYYnX53XyaS4RSYym5O7YZpA,positive
Kedai Kosek Hang Jebat,Blok M,1.0,,Menu abis tutup aplksi  ..sudah resto paling lama  pesanan nya .,ChIJLxHzjD_xaS4RviFxTATn7xc,negative
Pondok Selera Nasi Goreng Kawat,Jagakarsa,5.0,,"Tempat makan yang enak, murah dan merakyat. Selalu mempertahankan citarasa karena sudah ada sejak tahun 1996.",ChIJ_Vr5jNHtaS4R2PDEyKjz23w,positive
"Soto Kudus Garang Asam ""Asri""",Matraman,3.0,,"Mahal, pelayanan lama, garang asem isinya 60% potongan sereh, belimbing wuluh dan tulang ayam.",ChIJN7PiXXT0aS4RDpsBnOVnwj0,neutral
"AMARA TERRACE cafe, resto & studio",Kemang,5.0,,"Wakth aku ke sana ga begitu ramai, bahkan bisa dibilang sepi. Banyak warung dan ada jadwal live music juga. Di lantai atas ada tempat kursus gitu. Tersedia musholla dan WC yang cukup bersih. Menu yang tersedia cukup bervariasi. Konsepnya outdoor dan tengahnya taman kecil gitu. Nice for dates!",ChIJCXP75e7zaS4RoAEz6BvUpn8,positive
RUMAH MAKAN AHON,Taman Sari,5.0,,Salah satu Rumah makan favorit di sekitaran jembatan lima beraneka macam menu halal & non halal sudah jd tempat favorit sejak 2010 sering mampir kalau lgi ke Jakarta.,ChIJMb6i14j3aS4Rk43moWsPu4Y,positive
Pondok Baronang Restaurant,Pluit,3.0,"Kafe luas di tempat terang & minimalis yang menyajikan bandeng bakar, udang, & seafood khas Indonesia lainnya.","Ikan rata2 segar, sayang sekali dibakar kelewat matang semuanya sehingga terasa hambar dan kenyal....semoga ada perbaikan kedepan, 7 Feb 2026",ChIJp7gHY-Qdai4RD77yMqlquA4,neutral
Kantin Wonogiri Sumagung,Kelapa Gading,5.0,,Masakan rumahan enak enak semua dan bersih. Variannya banyak. Harga affordable. Tempat makannya juga cukup nyaman. Buka dari pagi.,ChIJ5RBqu031aS4RbynkVygcaGI,positive
WARUNG NASI 99,Tanjung Priok,5.0,,"Warung ini sederhana tapi masakannya berani rasanya,",ChIJr5GIncIfai4ROcXkkDh0jHU,positive
Madre Coffee Space,Pasar Rebo,5.0,,"Pertama kali makan di sini dan ternyata makanannya surprisingly good! Saya pesan Smoked Beef Carbonara dan Mashed Potatoes Cordon Bleu, enak, creamy, gurih, dan pas di lidah saya. Minumannya, Lychee Yakult dan Honey Lemongrass, juga sangat menyegarkan. Semua terasa sepadan dengan harganya. Ambience cafenya juga nyaman, tapi mungkin karena saya datang saat makan siang, akan sedikit crowded ketika jam makan siang tapi masih oke. Definitely recommended!",ChIJiZ1MydrtaS4RGKqdS36wk2A,positive
Makankerang.gan,Cibubur,5.0,,keren,ChIJmXja2qiTaS4RTBomJ66xPjQ,positive
Monsieur Spoon Puri Indah Mall,Kembangan,5.0,,"Kategori: Restoran Fine Dining  Makanan: Salah satu resto dengan pastry favorit saya, menyediakan aneka makanan khas barat. Steak, pasta dan pastry. Umumnya rasa makanan disini lebih creamy dan asin. Rekomen croissantnya.  Pelayanan: Pemesanan tidak terlalu lama, penyajian sedikit memakan waktu lama, pelayan di sini juga murah senyum.  Harga: kisaran ±Rp 150.000/orang,  Tempat: Design elegan dengan gaya roman dan pencahayaan warna kuning. Tempat yang nyaman untuk ngobrol dan makan. Tempat terawat sangat baik.  Kesimpulan: bintang 5 untuk makanan dan tempat.",ChIJfcI5oNn3aS4RIPg6mK_5ybs,positive
Bebek & Ayam Kampung Mas Budi,Pondok Kopi,4.0,,"Okey lah, pelayanan dan tempatnya, Bebeknya juga enak banget. Cuman minus di kepala ayam (kaya udah lama) pas di makan ada rasa bau-bau gitu. Kedepannya lbih baik lagi semoga.",ChIJI9s8BiyNaS4Ripr5hockGC0,positive
Citra Landmark Ciracas,Ciracas,5.0,,"Dari segi makanan enak bgt,, layanan juga ramahh,, suasananya tenang enak tentrem jadi enak buat makan,,, makan sendiri, berdua, rame² ok ko,, recomended bgttt 👍👍👍👍",ChIJAZkp2PHtaS4RxaFj9-yKVeU,positive
"Sambal Bakar Indonesia, Grogol",Central Park Mall,5.0,,"Pesen sambak nila sambal bakka, tumis kangkung, krupuk Dan es teh Manis jumbo. Overall makanannya oke lah ya, makanan datang agak lama karena weekend Dan rame, but itsokey, hanya saja tumis kangkungnya kurang worth it, untuk seporsi sekecil itu 18rb Dan nothing special dari tumis kangkungnya, setengah harga sendiri dari sambak nilanya.  Sambak nila nya oke, ikannya ga amis, sambal bakka pedes Dan Masih bisa dinikmati, dipaket ini dapet kol goreng, timun Dan terong goreng. Not oily enak kok. Servis nya oke, hanya saja saat di kasir, pegawai di sekitarnya kebanyakan bercanda, jadi kurang nyaman pas sy mau bayar. Tapi gapapa, overall servisnya oke. Tempat cuci tangannya oke, hanya saja kenapa banjir ya, jadi petugasnya bolak balik ngepel sedangkan saya makan di dekat tempat cuci tangan.  Overall 8/10",ChIJ-2pon5_3aS4RqoSFswt2kcQ,positive
Cinto Minang MNC Tower,Menteng,5.0,,"Sambel merah/sambel hijau disini nendang dilidah,bumbu rendang dan kuah gulainya juga gurih enak,sayur daun singkong yang udah dipilin membuat mudah untuk dikunyah,ditambah jenis sayur kubis yang ditumis campur dengan kacang panjang saat dikunyah terasa kruncy serasa makan lalapan.menu nasi ikan kembung dengan ukuran ikan yang lumayan besar 16ribu.markotop!pelayanan karyawannya juga ramah dan cepat.tampilan tempatnya dari luar jalanan memang biasa,gedung bangunan lama,tapi saat masuk kedalamnya aura tempat sangat menenangkan.",ChIJN9-6_-bxaS4R5e1waYJSL3c,positive
Halo Bali Dining - Setiabudi,Kuningan,5.0,,"Makanan bali nya enak, saya pesan yang ayam betutu set. Sudah dapat nasi, ayam, lauk2 sampingannya banyak, telor, kerupuk, buncis dll. Tapi favorit saya adalah mie gorengnya, enak sekali. Pelayanannya juga ramah dan cepat. Harga sangat affordable.",ChIJf97P9_nzaS4R_g2Wl2pzCb4,positive
Ini Resto,Jagakarsa,5.0,,"Resto nya bersih, parkir luas, enak menu nya bervariasi.",ChIJHyljarLtaS4RcTVaf9r4oAQ,positive
"Subshack Pemuda, Rawamangun",Pulo Gadung,5.0,,"Makanannya bikin keyang dan puas. Banyak pilihan menunya juga ya. Layanan cepat dan ramah. Suasana tenang, cozy dan nyaman bgt. Cocok untuk menyendiri, ngobrol bareng temen dll. Ada toilet di lantai 2 dan mushollah. Ada tempat duduk di lantai dua smooking area ya. Parkir juga luas.",ChIJmc9IXer0aS4Rx-6o81anS0Y,positive
Dragon Flames Restaurant,Kemang,5.0,"Menyajikan variasi menu dim sum, mie, bubur dan barbeque. Suasana nyaman dan cocok untuk berbagai acara.",Udah berkali-kali makan disini dan menunya ga pernah failed.. enak semuanyaa.. Ambiencenya juga tenang dan enak buat meeting.. Semoga segera bisa segera sertifikasi halal MUI biar lebih tenang ..,ChIJwfTXGInxaS4R5YmzMURDplg,positive
"Penyetan Cok, Kramat Jati",Kramat Jati,5.0,,"Tempatnya asyik bersih, nyaman, ramah dalam pelayanan. Rasa masakannya oke enak semua, sambalnya top mantap. Pokoknya cocok untuk kumpul makan bersama keluarga ataupun komunitas",ChIJtYybth7zaS4RAfzOLOwCUmI,positive
Paras Nusantara,Kebayoran Baru,5.0,,"Makanan nya enak hampir setiap menu nya pada enak begitupun dengan minuman nya, sangat rekomendasi untuk orang yang menyukai makanan nusantara/indonesia, Pelayanan nya sangat baik dan ramah juga terutama mas ohim dan bu fifit udh berkali-kali kesini tidak mengecewakan",ChIJK-v8K__xaS4REGhIfb2qmDM,positive
Sasuki & bbq,Lebak Bulus,5.0,,"Salah satu ayce 150++ terbaik. Rasa daging dan side dish nya variatif, tempat dan pelayanan nya bagus",ChIJcSEyT_jvaS4RWlBA6Ol4xus,positive
Rumah Makan Pong Indra,Kelapa Gading,4.0,,Lumayan untuk yang mau cobain bebek bumbu erwe,ChIJB8J8UR_1aS4RS_5p58wUnN4,positive
Warung Nasi ARDA Bersaudara,Cijantung,5.0,,Mantap. Ga nyesel makan disini,ChIJTX4O15_taS4RmRIefAW5tG8,positive
"Babi Panggang TGR 99, Green Garden",Daan Mogot,3.0,,"Maaf sebelumnya saya ingin memberikan saran dan kritik, mengenai penggunaan talenan PLASTIK di kedai makanan anda, dimana talenan plastik itu klo di gunakkan untuk memotong/mencincang makanan, micro plastiknya bisa tekontaminasi dengan makanannya. Saran saya mending GANTI talenan Kayu. Untuk rasa babi panggangnya kurang asin sedikit lg.",ChIJpW4mVff3aS4RA0ulzfPzcMM,neutral
Warung Makan Indomie Warmindo,Pondok Indah,5.0,,Garengannya enak dan murah,ChIJwyJtj9TxaS4RRyqCjTGMHeE,positive
Rumah Makan Padang Raya,Tanah Abang,5.0,,"Makanan disini enak"", saya coba ayam goreng dan perkedel untuk makanan yg lain pun enak karena saya bungkus untuk teman"" saya mereka pada suka",ChIJScgdLLH3aS4R03xeAIlDKMw,positive
Masama Senayan Indonesian Comfort food,Sudirman SCBD,1.0,,"Pesen Mie Goreng Seafod dan Ayam Jimbaran. Nunggu 20 menit baru keluar minumannya.  35 menit belom jadi juga dan harus disamperin. Terus ternyata orderan Mie Goreng Seafood saya ternyata udah di meja pengambilan 10 menit yang lalu dan gaada info itu punya saya.  Ayam Jimbaran juga masih nunggu lagi belom jadi juga.  BANYAK customer lain yang nunggu juga sama kek saya. Kacaunya ga sesuai urutan order, malah ada yang order baru dan udah jadi duluan.  Ini kacau banget sih managementnya. Staff juga pemula banget dan ada leadernya pun ga turun tangan handling customer.  Rasa makananannya? No banget. Mie Goreng Seafood saya anyep banget, bau, saya req ga pedes malah dikasih pedes.  Ayam Jimbarannya KECIL banget. Aduh kacau.",ChIJfXFzLgDxaS4RXNT2wjJuBLg,negative
Restoran Sederhana Jatinegara,Jatinegara,1.0,,"aku punya pengalaman yang kurang menyenangkan pas maksi disini. aku sama co workers ku pulang kerja dan rencana ngopi di salah satu coffee shop, cuma kita pilih untuk maksi dulu, resto terdekat waktu itu ini, jadi kita pilih buat makan di sini. pas masuk buat pesen, mas2 waitersnya pasang muka ngerendahin banget, ga ngerti kenapa. apa karena tampilan kita bukan kayak orang yang mampu makan disini? atau karena tampilan kita kayak bocah? entah, yang jelas tu raut mukanya sengak. aku pikir cuma imajinasiku aja, cuma pas after bayar dan cabut, semua co worker ku pun ngerasain hal yang sama dari tatapannya. tapi cuma satu mas2 waiters depan yang bagian nerima pesanan tamu. sisanya sopan.  untuk rasa masakannya, ya padang pada umumnya, ngga yang seenak itu untuk dibeli lagi, terlebih sambel ijonya menurut aku pribadi, ada yang kurang.  note untuk mas2 waiters, both of us pekerja, bahkan sekalipun yang ngelayanin kita tuh ownernya, pasti ngga sengak gitu mukanya, ga akan mandang customer dengan tatapan ngerendahin. karena kita dateng tanpa bawa mobil dan bingung mau makan apa bukan berarti kita ga mampu. jujur, masih banyak resto yang lebih gede dengan pelayanan yang lebih baik (even untuk resto yang harganya lebih mahal).",ChIJ3VScfn7zaS4RVCWV6lFk56U,negative
Pedes BGT!,Pesanggrahan,5.0,,mantap abiss eakkkk,ChIJ-fwbHPDxaS4RUFlktTp5KvU,positive
Choipan Panas Pontianak Siam 91 Sunter Indah,Kelapa Gading Barat,5.0,Warung makan khusus tunai yang menyajikan berbagai pangsit ala China di tempat kecil dan simpel.,Coipannya enak.. murce dan gede. Pelayanannya cepat. Heboh dan seru tempatnya. Parkir mobil harus rebutan 😆,ChIJp1v2b3L1aS4Ru9kEAu0uSOc,positive
SEMAJA,Grand Indonesia,4.0,,"Tempatnya menyenangkan, makanannya ok terutama sate marangginya enak empuk, ayam bakarnya diluar expektasi  (terlalu pedas), dessert nya enak, pelayanannya ramah yg perlu diperhatikan lagi untuk alat makan, harusnya disiapkan lebih, jadi kita ga perlu minta terus🥹",ChIJBZ2aWJn1aS4Rsdik78vsMIs,positive
Kendil Mas,Cilandak,5.0,Masakan Jawa & pertunjukan musik ditawarkan sesekali di rumah makan lokal kasual dan nyaman.,"Datang kesini pas acara nikahan saudara Lokasinya strategis, makanannya enak Parkiran motor & mobil ckup luas",ChIJT99s9x_uaS4R095m5q2KcwU,positive
Warung Nasi Ibu Anis,Senayan,2.0,,Tidak ada yg menarik menunda..,ChIJWVm6d6n2aS4RO36XZePV_U8,neutral
LUBERGER Jatiwaringin,Makasar,2.0,,"Terakhir beli tahun 2019 kalau ga salah dan saat itu enak banget, dan beli lagi sekarang kyknya ada perubahan menu ya? Dari menu dan pelayanan, bahkan harga, terlihat penurunan ""kelas"" sih. Pesan menu Luber Rice Beef Crumble dan Luber Champion. Beef Crumblenya asin banget. Ga fresh ya? Sepertinya frozen/dimasukin ke kulkas lalu diangetin lagi, terlihat dari banyak lemak yang menggumpal dan tekstur nasi yang tidak pulen. Untuk Luber Champion tidak ada yang spesial, bahkan tidak ada rasanya. Hehe",ChIJRZIPbGrzaS4RLdr2psUV77c,negative
Resto Salemba 43 - Hakka Chinese Food Sunter & Bubur ( Bakmi Salemba 43 ),Sunter,5.0,,"Salah satu restoran chinese food (katanya spesialis Hakka Food) yang halal dan enak di Sunter. Tempatnya tdk seberapa besar. Ada sekitar 6-7 set table, ada yg round table dan ada yg 4 table set biasa.  Menunya variannya banyak. Ini pesan: - nasi goreng (varian apa lupa namanya) - ayam lada hitam - capcay ayam - tahu shimeji (JUARAnyaa) - menu terakhir lupa namanya apa, tapi ini gohyong (gorengan ayam dan udang)  Semuanya enak. Tapi high appreciation banget buat nasi goreng dan tahu shimeji. Enak banget!!  Harganya memang lumayan ya, sesuai sama rasa dan porsinya. Cocok buat makan sm temen banyak dan keluarga.",ChIJ3eDI7AP1aS4RCaHhvqdAG_8,positive
Restoran Padang Simpang Raya Hasyim Ashari No. 51 Jakpus,Tomang,5.0,Restoran kontemporer dengan interior luas dan cerah yang menyajikan makanan tradisional Padang.,Halo sobat kuliner! Review singkat resto simpang raya kali ini cukup memuaskan. Kunjungan kesini makan paket nasi padangnya yang nyaman di lidah dan dagingnya empuk. Worth buat tempat makan siang!,ChIJs2neNaD3aS4RnKqhICp2s9U,positive
Warung Makan Bude Suli,Mampang,4.0,,"Banyak pilihan lauk sama sayurnya, gorenganya laris..masakan khas indonesia. Harganya juga pas dikantong..kalo agak siang udah pada habis",ChIJBcvvYs7zaS4RAWwQ2mHL6aU,positive
Rumah Makan Nusa Indah,Kebayoran Baru,1.0,"Restoran luas dan toko yang menyajikan makanan tradisional, serta aneka makanan ringan khas daerah Indonesia.","Tolong untuk barang barang yg dijual ditulis jelas kapan produksinya Dan kapan expired datenya. Jangan kalau ditanya jawabnya stocknya baru kok,  baru datang terus. Kemarin saya beli pie susu enaaak sampai rumah dibuka isinya jamuran semua.",ChIJtS7DHBPxaS4RsebkRg6xmLo,negative
A21 Cempaka Putih,Johar Baru,5.0,,Sate taichan nya pedas gurih mantap. Daging dan kulitnya kenyal  Baso malangnya enak seger gurih  Bakminya porsinya buat aku pas. Gurih seger  Es podengnya enaaaak,ChIJmQvZEAD1aS4RWcMl0xduWZk,positive
Chuan Tin,Kembangan,5.0,Restoran kontemporer bernuansa santai yang menyajikan resep China kuno.,"Baru saja makan bersama keluarga disini, disambut oleh waiter yang ramah dan dengan sabar menjelaskan menu makanan apa saja yang ada disini. Kalau saya biasanya selalu pesan Hokkian Lomie dan Tiram Goreng Telur. Masakannya enak semua.  Tahun lalu saya bersama keluarga datang kemari di hari raya Imlek. Berhubung gaya masakan disini adalah Chinese Food, maka di hari raya Imlek menjadi ramai sekali. Dari pagi sudah banyak orang lain yang pesan bungkusan. Ditambah dengan yang dine-in jadinya ramai sekali.",ChIJEcckzBH3aS4Rd8KsoFQzVzs,positive
Warung Nasi Ibu Ipan,Ancol,5.0,,Warung nasi sederhana namun rasanya luar biasa,ChIJC-RaGwceai4RcFAiboNoIxI,positive
SAMBAL DADAK DESO MATRAMAN,Matraman,5.0,,"hii ini pertama kali makan disini pelayanan oke banget rasa bumbu ungkep nya enak sm ayam kampung nya juga lembut ga keras, sambelnya bagi pecinta pedes ini ga terlalu pedes bgt jd nikmat dimakan.  noted: kalo kalian suka ayam goreng kering request aja soalnya ini emg tipe ayam goreng basah gitu",ChIJDRYrNAD1aS4RtNTdHt-JL9Y,positive
Bungkushin x Tjerita Manis x KariKami Goldfinch,Menteng,4.0,,"Cuma cobain es nya di tjerita manis, untuk rasa relatif selera masing2. Tapi menurutku agak kurang fresh bahan2 yg digunakan, padahal looknya cantik bgt. Dan ada beberapa menu yg tidak ada, even pas dateng nangkanya jg ga ada, pdhl nangka itu yg buat enk es macam ini. Manisnya bisa diatur jg, jd tinggal request aja.",ChIJw7ZzDaT9aS4RfA8vHiUdTIQ,neutral
Kulega Citra 8 Aerobliss (Pancong & Kopi) | Cafe Kalideres Jakarta Barat,Kalideres,5.0,,"tempatnya enak bagus keren ramah, makanan enak dan harga terjangkau",ChIJGUEwZhIDai4RWcNVhKMBJm8,positive
Rumah Makan Karya Minang,Sawah Besar,5.0,Restoran simpel bernuansa cerah yang menawarkan beragam hidangan klasik Indonesia & makanan khas Padang.,Menu komplit rasa juga mantap Bumbu rempah nya krasa banget Semoga konsisten untuk kedepan nya,ChIJ5cjv_vb1aS4RC1-iw6LmOA4,positive
DAPURISTIC,Fatmawati,5.0,,Tempat bersih.. rasa enak.. harga terjangkau..,ChIJgc1c04_xaS4RIPHKkzkjH90,positive
Dapur Trirasa,Penjaringan,5.0,,Donat ini rekomen..enak serta harga bersahabat..packing bagus utk berikan ke relasi..ditunggu karya lainnya..,ChIJWcM0zagdai4RhjR9jpwolC8,positive
Potter Brew,Epicentrum Kuningan,5.0,,"Potret Brew Citiwalk Sudirman menempati eks Hong Hoc lt 1. Tempat nya nyaman dengan music yg buat relax. Instagramable dan byk space buat meeting, kumpul mau pun WFC.  Pilihan menu cukup banyak. Coffee, tea,  chocolate hingga rice tersedia. Appetizer dan snack juga ada.  Utk coffee bisa di coba Potter oat atau butterscotch. Kopi nya mantap, harga standard dengan rasa yg jauh lebih baik di banding kopi yg sudah di kenal.  Nasi kebuli juga must try.  Buat  penyuka daging kambing muda coba lah balibul nya. Mantap. Bumbu meresap dan garing. Porsi besar bisa utk sharing. Psssst … smokey wagyu nya mantap juga. Hahahaha… daging nya melted bgt di mulut",ChIJu2_SPpf1aS4RkqX-whtj7A4,positive
...,Kemayoran,5.0,,Ajib salah satu favorit gw disaat malam melanda kelaparan,ChIJE0fsttj1aS4R4MKSKK6N9EQ,positive
Cinto Minang MNC Tower,Menteng,5.0,,Salah satu rumah makan masakan padang yang harganya relatif terjangkau. Meskipun sepertinya yang masak atau mengelola bukan orang Minang hehee.... Rasa makanan oke. Kepala kakap sih jadi favorit. Asoymalelooooooo.,ChIJN9-6_-bxaS4R5e1waYJSL3c,positive
Manca Rempah Seafood,Cilandak,5.0,,"Tempatnya luas dan lapang ada indoor dan outdoor tables. Kalau makan malam suasananya cozy banget di outdoor dengan lampu2 dan angin yg menyejukkan (ini tergantung cuaca sih, dan sedikit bernyamuk) dan bisa juga untuk rombongan yg cukup besar. Makanannya juga enak-enak, dari yang dipesan nggak ada yang fail.",ChIJB2T3u_vxaS4RlN2g3OW_Y6o,positive
Masakan Nusantara DAJ Family Kitchen Citra 8,Kalideres,5.0,,"Makan malam, murah, banyak pilihan menu  Untuk 10 orang, minum air mineral, habis hanya 300rb...  Enak rasanya, jossss Semoga tetap oke servisnya  Minusnya hanya tempat AC nya kurang dingin",ChIJr8OMKi0Dai4RRcKT5vewNW0,positive
New Home Town Restaurant,Mangga Dua,5.0,,Bubur kodok Favorit saya sejak lama… sejak jaman saya pacaran di tahun 2006 hingga sekarang tempat ini menjadi pilihan utama untuk makan bubur ikan + sapo kodok kecap…  Top… wajib cobain…,ChIJ3ZHoRh4gai4Rn7fMvdEKX4U,positive
Henshin Restaurant,Kuningan,5.0,Restoran mewah di lantai 67 yang menyajikan kuliner Peru inovatif dan bar atap yang seru.,kesini rayain ultah sendirian haha tp ga ngerasa sendiri sih krn eng waiterss nya ngebantuin aku dan fotoin aku disini  suasana pemandangannya bagus bgt city light dan ya ambience in night ✨✨ makanannya enak cmn krn aku after pasang brackets jdi agak susah hehe tpi enak sih makanannya dan ya porsi untuk sendiri keknya kebanyakan buat aku mungkin kalo kalian dtg dg pasangan sangat cukup,ChIJ3yiSDfHzaS4RmgnzjYbGhrw,positive
"Saung Hasby ""Masakan Sunda""",Pesanggrahan,5.0,,Masakannya enak semuaaaaaa 😍😍😍,ChIJf-AJKgDxaS4RGlbZhuNCwF8,positive
1928 Restaurant,Menteng,5.0,"Elevated global fare dispensed in posh, light-filled surrounds at the Hermitage Hotel.","Makan pagi pas nginep disini, pelayanan, tempat, n makanannya bagus banget Pilihan menunya bervariasi dari makanan n minumannya, ada menu vege jg, enak, cocok jg utk anak2, service nya top banget staff ramah2 n cepat tanggap",ChIJ7QGHphX0aS4RLet6sIwTwwQ,positive
Cafe KITA,Kebayoran Baru,5.0,,Makanan khas makassar yang asli autentik bangetttt servis kaka kakanya ramah n baik ditambah vibes cafe nya yang deep n aesthetik parahhhh cocok buat acara intimate atau rapat sama orang yang suka tenang disini ni tempat nya,ChIJQ9XJhjHxaS4RcJSZ3KWIGd8,positive
Nasi Kapau Raja Ganda,Cempaka Putih,4.0,,Kalau ke daerah kemayoran boleh juga nih makan nasi kapau .banyak pilihan rasa nya ok mantap Ayam nya lembut uenak. Sambel pedas nampol . Nasi rames nya ok. Untuk tempat juga ok luas dan nyaman. Jadi bisa untuk nongki nongki.  Thank nasi kapau raja ganda,ChIJqdJexTz1aS4RBfWBPFI5HCc,positive
Smarapura Traditional Resto,Tebet,5.0,Masakan Bali di tempat terbuka bersuasana nyaman dengan teras tertutup & meja di sekitar kolam renang.,"Accidentally nemu tempt ini, wow! BEBEK GARING ENAK BANGET! Sambel matah dan sambel semuanya enak banget.  Gw gatau ini bagian Bali mana masakanya tapi kalo lagi nyari tempat makan yang Bali dengan rasa yang enak dan harga affordable lo harus coba ini sih!  Oiya honorable mention to Sop Kepala Salmon! Kuahnya sopan masuk mulut!  Minusnya sedikit aja, meskipun mau ambil nuansa bali, tapi kayanya kalo di Jakarta gak pake AC dalem ruangan panas ya hehehe cuman bukan panas yang pengap dan gak bikin keringetan karena kipas anginya banyak.  Overall 9/10 👍🏻👌🏼🎉✨",ChIJSz0SApvzaS4RAqgljvvEQnE,positive
Lesehan Sambele' Make' kranggan,Cibubur,5.0,,"Tempat makan yang lumayan enak , harga murah di kantong dan suasana tempat yang nyaman ...",ChIJpc8pQmyTaS4RFYcWw5QVgXc,positive
Shinji Izakaya Kelapa Gading,Kelapa Gading Barat,5.0,,"dessert favorite kami namanya Yuzu Panacotta tp makanan utamanya semuanya enak. yang kami pesan hari ini adalah kinoko foil yaki, seared scallop, salmon mentai roll, salmon yuzu roll, dragon roll, sushi moriawase ❤️❤️ will always be back for sure",ChIJLwTdFzr1aS4RgdMtB7gfaR8,positive
Warung Ojo Lali Tebet,Tebet,5.0,,"nasi goreng kambingnya enak, porsinya banyak dan rempahnya berasa bangett🫶🏻",ChIJN1zrOKPzaS4RL_pYpvYtnG0,positive
Sambal dadak rindu desa,Jagakarsa,5.0,,"pertama kali coba makan disini, sambelnya tuh pedes banget dan enak pas rasanya,, tp pas kedua kalinya sambelnya kurang pedes dan asin..harganya juga terjangkau, untuk tempat nya juga enak, parkiran lumayan bisa buat beberapa motor..",ChIJte-Vn0fvaS4RjOqwlKPsTnM,neutral
Taliwang Bali Grand Indonesia,Tanah Abang,5.0,,"Lagi promo nasi tempongnya taliwang baru, cuma kadi 58rb!! Lengkap bgt sih inii dan porsinya ngenyangin, sambel matah sih okeee. Ayamnya lumayan juicy. Lalapannya juga banyakk. Good services juga topp👍🏻👍🏻 tempatnya bersih dan nuansa modern bali gitu, udah banyak cabangnya di mall.",ChIJgXm5TCD0aS4RoBwq1k6A8jQ,positive
"명동갈비 끌라빠가딩 , 자카르타",Kelapa Gading Barat,5.0,,"Banyak perintilannya kecil2 tp enak, sayur ga pelit, kelar bayar dapet eskrim pula , ud beberapa kali bolak2 gak kecewa",ChIJK7RmDUH1aS4RgE3FiW20I9c,positive
Sari 21,Pulo Gadung,4.0,,Ada pilihan santri/vegetarian nya. Dan tidak menjual sapi ya... Kalau daging lain seperti ayam masih ada. Lada hitam nya pedes euy.,ChIJh9YTCDT1aS4REjPy7VlYDVs,positive
Warung Bu Dewi,Sawah Besar,5.0,,Mampir ngopi bareng,ChIJk0fkVfL1aS4RAYM7ojIc78E,neutral
Turkuaz,Kebayoran Baru,5.0,Menyiapkan makanan dan minuman yg dipadu dgn interior dan suasana khas Turki. Tersedia pertunjukan tari perut.,Mereka pindah tempat baru dekat kantor! lebih luas dan bagus!,ChIJP8bvQ13xaS4RgueoWi9kdBA,positive
Seporsi Tekwan,Penjaringan,5.0,,Tekwan nya mantap rasa nya nampol sambelnya seger pedes komplit sama jeruk nnya ada asli ikan tengiri nya,ChIJe0d7XAAdai4Rx-MUDHcrqtM,positive
RM EVANA,Sawah Besar,5.0,,Makanannya ok. Saya suka cumi besar yg dijual di warung makan ini.,ChIJd0cOzdz1aS4RhXzc4aeeRMU,positive
Carbón,Epicentrum Kuningan,5.0,,Excellent Spanish restaurant ! Sayang tempatnya skrg digabung sama Animale di MD Place. Mungkin peminat makanan Spanyol tidak terlalu banyak. Must try : Cauliflower Steak 👍. Tapas dan dessertnya enak-enak.,ChIJvSqpBeX1aS4Raj0oxQIYZ_k,positive
Bebek Carok - Sunter,Sunter,5.0,,"Makanannya enak, cuma jam 12 menu Bebek belum tersedia",ChIJ_ZE0hZUp1i0R3IO8mUtsQcc,positive
Rumah Makan Salero,Kuningan,5.0,,Ini rumah makan salero yang asli sejak 1974 di jalan komando raya,ChIJH2CBxl_zaS4RF4E3mKcKVp0,positive
Warung Dadang,Pasar Minggu,5.0,,Ini selalu menjadi pilihan kalau bergadang dan tiba2 lapar...,ChIJ5aZG1xfyaS4RiECimB9TRH4,positive
de Arjuna Cafe,Kebon Jeruk,5.0,,Tempatnya nyaman. Dan pelayanannya bagus plus ramah2 terutama mas anjas. Recomended,ChIJCe9W5qD3aS4R2x8QyF96R50,positive
"HN Cafe Establish – Coffee Shop with Meeting Room, Nobar & WFC Tomang Jakarta Barat",Tanah Abang,3.0,,"Cafe ini sebenernya punya banyak potensi tapi sayang tempatnya kurang nyaman.  Pros: + Staffnya ramah + Area parkir luas + Musiknya oke dan nggak mengganggu + Matcha lattenya enak dan artsy + Ada area sholat  Cons: - Banyak BANGET nyamuk - Mejanya nggak cocok buat yang mau WFC (buka laptop atau nulis) - Mejanya gerak-gerak terus - Kursi juga kurang cocok dipakai untuk duduk yang agak lama - Toiletnya kurang memadai  Untuk pengelola semoga mempertimbangkan ganti furnitur ke yang lebih nyaman buat duduk dan WFC, pastikan nggak ada nyamuk, dan upgrade toiletnya.  Makasih.",ChIJH2EfJgD3aS4RQTcFZyhFxEk,neutral
Monsieur Spoon Cilandak Townsquare,Cilandak,5.0,,"Tempat yang nyaman untuk berbagai kegiatan. Baik untuk me time, kerja, meeting, gathering, maupun webinar… makanannya tidak perlu diragukan lagi, harga premium untuk hidangan yang memang premium… pastrynya sangat authentic semua, makanan juga banyak pilihan mulai dari spagheti, mie ayam, signature wagyu, quiche, dll. Minuman juga beragam dari Coffee, tea, juice, mocktail dan lain2…",ChIJHd5JgafxaS4RPEXzlHly6LU,positive
Warung Sate Solo Mba Neza,Cakung,5.0,,"Salah satu warung sate yang menjadi referensi teman kantor buat makan siang, kecil tempat nya, harus sabar pakrirnya jika bawa mobil tapi terobati dengan mantap rasanya, tongseng nya enak, satenya enak yang sy bingung sate kambing dikasih bumbu kacang disini enak, biasanya bumbu kecap yg enak, tapi ini sama sama sama enak, jika lewat silahkan bisa mencoba.... terima kasih",ChIJPxMuHFCLaS4RTZqENNAS5Rc,positive
Sari Delicatessen & Cafe,Gambir,5.0,,"Happy banget ngerayain bday di sini. Servis nya oke, semuanya ramah dan makanannya enak semua. Ambil yg sari’s deli tea set nya dan sangat mengenyangkan buat porsi 2 orang cewe n harga nya reasonable in this economy haha. Home made sausage nya top tier, bestt!!",ChIJq6qqSy_0aS4RNzw22i8UEPI,positive
Warung Bang Hen Sunter (Pusat),Kelapa Gading Barat,1.0,,indomi bangladesh 20 rb. kl enak gapapa ini bisa2nya indomi tapi ngga enak. kok bisa ya orang masak indomi dan ngga enak? pesen nasi cumi hitam nasi nya lembek dan menye banget. tolong pak bener2 gak worth ayam geprek nya 26 rb NASI PUTIH 8 ribu jadi 34 ribu. biasa mah nasi ayam geprek 20 ribu. kira2 dong nasi putih 8 ribu. kl di korbeq gapapa ini mah tendaan hadeuh,ChIJF0H5tDf1aS4R_iESr0yLfy4,negative
Olatte - RSCM Kencana,Matraman,5.0,,"Olatte termasuk restoran yg decent untuk makan di RSCM Kencana. Letaknya di lantai dasar, samping Farmasi. Makanannya bervariasi, ada menu nusantara maupun western, enak2. Penyajiannya juga cukup cepat. Kalau weekdays rame tapi masih bisa duduk, makanan diantar dalam 20-30 menit. Kalau weekend lebih sepi, apalagi hari Minggu, hanya buka sampai jam 2 siang. Harganya memang cukup mahal, tapi masih worth the price.",ChIJNSnYR2r0aS4RotIYeqwgC7E,positive
Potluck by Grandma Suki,Daan Mogot,1.0,,"Promo discount 15% yang sangat aneh. Di flyer tidak ada term n condition, namun ternyata harus beli paket. Biasanya di resto lain, menu paket lebih murah dan tidak mendapat diskon.  Disini harus memesan harga paket yang lebih murah dan baru dapat diskon.  Pelayanan tidak menginformasikan di awal. Cara marketing yang sangat tidak elegan di zaman seperti ini.  Hati hati jangan sampai terjebak.  Harga mahal dibanding resto hotpot lainnya yang lebih ternama.",ChIJ9VBpKGz3aS4RQAkHPWGF-VI,negative
Aroma Ikan Bakar,Duren Sawit,5.0,,"Semoga selanjutnya kebersihan kol lalapan lebih diperhatikan..👍 Suka banget ada rumah makan ikan seperti ini, jarang2 di area Jaktim, semoga awet tahan lama langgeng, makin enak, makin baik pelayanannya.. Ikan pake minyak kelapa creamy..enak... Semoga next ada AC nya biar adem an nunggu makanannya... Saran: semoga next ada dabu dabu yg cabenya dikit aja, karena saya suka banget dabu dabu tapi ga kuat pedas 🙏😁 Pengen balik lagi di lain waktu..  Mantap, semoga sukses selalu laris manis...",ChIJLXk3XgDzaS4RofUi9Y3CoNE,positive
Warung Pojokan dan DIMSUM MIMIN,Ciracas,5.0,,"Makannya enak² maa sya Allah. Menu favourite sy nasi goreng katsu sambal matah, kue brownies.. dan kupi nya",ChIJC56T-r_taS4RZh7bvVSg9Fg,positive
Lapo Ni Tondongta,Matraman,5.0,Restoran nyaman pinggir jalan yang menawarkan masakan Batak & babi panggang di tempat makan simpel.,Enak. Sayur agak pahit khas batak. Saat kita datang tidak tersedia RW jd pesen di sebelahnya,ChIJDU5UUV70aS4ROvJxMNDCfwc,positive
Ikkudo Ichi Puri Indah Mall,Kembangan,5.0,,"Comfort fooodd dari dulu, rasanya ga berubahh Konsisten selalu juaraaa  Next pengen coba yang dry ramen nyaaa Kalo kesini favorit ku Buta signature, chicken karage, dan buta chasu donnn bessttt",ChIJhRNDuHr3aS4RS1_Ezw0GDZg,positive
RM PADANG SAHABAT ELOK,Bintaro,5.0,,"Bumbu semuanya pas! Pelayanan oke, tempat bersih. good luck. ☺️",ChIJlR2irT7xaS4Rfdjb4tiJA6w,positive
Nasi Uduk Bang Agus 151,Makasar,4.0,,enak dan murahhh,ChIJh2ZNUE2NaS4R1m3xuGxBjiI,positive
Ombé Kofie Pondok Pinang,Pesanggrahan,5.0,,"Aku mampir kesini untuk sarapan. Karena ternyata sudah buka dan ready buat kita order2 dari jam 7 pagi 😍  Pilihan menu nya cocok banget emang untuk breakfast, brunch dan lunch. Porsinya juga ga pelit. Untuk harga lumayan middle up lah ya.  Suasananya juga asik nih buat nongkrong n ngobrol santai sama teman2. Sealing nya lumayan tinggi jadi terasa luas. Trus pencahayaannya natural dari luar, karena kaca jendelanya lebar2.  Pilihan musiknya juga seru2, santai dan ga terlalu keras. Boleh lah buat wfc or sambil zoom an. Tapi mejanya kecil2 hehehe... Dan ga semua meja/spot ada colokannya.  Untuk pelayanan nya, super deh. Kita ga dibiarin nunggu lama hidangan yang kita pesan, dan waitress nya selalu gercep kalo kita minta tolong. Tapi nih, kalo boleh kasih saran,, mbak2 waitress nya sebaiknya menyesuaikan makeup dengan skin tone wajah. Soalnya ku perhatikan warna makeup nya sama semua. Sepertinya sudah aturannya. Tapi jadi kasian mbak2 yg warna kulitnya exostis.  Buat yang bawa kendaraan, parkirannya luas banget.  Kalau ditanya mau ke sini lagi atau tidak, tentu mau dong 😍",ChIJ2bg3xfPxaS4Rde_JrXLUsVw,positive
Nasi Uduk dan Seafood Pak Saroni,Kembangan,5.0,,"skrng sambalnya kbnykan tomat, tp yang lainnya masih ok, cm pelayanannya lama skrng. makan ber2 habis 58rb",ChIJeRT3L2n3aS4RbUcVghVGAEU,neutral
Warung Barokah,Pluit,5.0,,Keren & mantap abisss,ChIJ_9cPwf4dai4RTnDlYm7Mcok,positive
Warung Nasi Ibu Jum,Koja,5.0,,Nyaman,ChIJSWxJTo0fai4R14Gh8pD564I,positive
RUMAH MAKAN SINAR,Matraman,5.0,,"surprisingly dalam nya rapih dan bersih, lantai selalu tersapu dan toiletnya bersih, untuk ayam rendangnya lmyn, dendeng basahnya jg enak, cm jus buahnya rasa agak ke enceran.  minusnya pembayaran cm bisa cash, ga ada debit ataupun online",ChIJp5U9HOT1aS4RekH1OrtEQks,positive
KEDAI MAKAN H.JAANIH,Kalideres,5.0,,"Tempatnya luas dan nyaman banget, area parkir tersedia. Bersih dan pastinya makannya enakkk, baksonya garing dan berasa dagingnya. Ownernya ramah banget. Ada jual puding fuyo enakkkk bangetttt. Sukses terus yaa🫶🏻",ChIJSXGq6XsDai4RuQPUfLa37mg,positive
Bakmi Pinangsari,Kalideres,5.0,,"Tempat tdk besar, tapi cukup lega... Resto yg sdh termasuk legend ini krn sdh ada lebih dari 20th... Walau lokasi yg kurang strategis, namun makanannya enak2 dan harganya termasuk terjangkau... Menu Fav kita2 adalah Kangkung Hotplate Sapi, Pe Cam Ke, Mie Goreng dan Lindung Cah Fu Mak nya yg tdk kalah dengan Resto Angke namun jauh lebih murah... Rekomended buat penikmat Chinese Food...",ChIJS-MH9gv4aS4Rg1Fg7U8NF7A,positive
CJ Tomyum,Lebak Bulus,5.0,Masakan Thailand klasik seperti sup pedas hingga tumisan di tempat makan kasual & cocok untuk keluarga.,"Alhamdulillah... seenak itu beneran...  Kami sekeluarga ke sini buat makan malam  Karena kami semua suka banget tomyum, kayaknya ini perlu dicoba dan uenak pol!  Kami pesan yang Spesial, harganya 265k tapi puas banget bisa untuk sekeluarga ehehe  Dan Buncis Bawang Putihnya beneran enak banget semuanya juga suka  Parkiran mobil aman lah  Tempatnya juga nyaman banget  Bakalan ke sini lagi kalo lahi kepengen Thai Foods, belum cobain menu yang lain soalnya  Salam Makan Nyaman!",ChIJjQ8mKtTxaS4RdY4wnQkn89E,positive
Dapoer Balakenam,Tebet,5.0,,"Menu Indonesia variatif..bisa ala carte atau  prasmanan..tempat luas, yg smoking jg luas..rasa OK.. 👍",ChIJz82Mg4_zaS4RNYorwpVnqzU,positive
Ayam Bakar 7 Saudara,Pluit,2.0,"Ayam pedas, tahu, dan masakan klasik Indonesia lainnya disajikan di tempat simpel yang nyaman.",Beli bawa pulang di kasih timun rusak..  Replay : maaf tapi cepet banget timunnya rusak. Rumah saya cuma 5 min dr gg mazda . Jadi kalau dibungkus rusak itu bukan alasan yg benar. Seharusnya yg bungkus harus cek dulu sblm diberikan ke customer. Sorry kalau banyak komplain :),ChIJIc5Y5Sf2aS4RABXlqg-vhC0,negative
Warung Ojo Lali Tebet,Tebet,5.0,,"Kategori: Warung Makan  Makanan: warung makan ini walau terkesan sederhana akan tetapi penyajian makanannya cukup menggugah selera. warung ini menyajikan aneka makanan khas Jawa Timur, dalam kunjungan kali ini saya mencoba menu rawon  Pelayanan: Langsung ditunjuk langsung bayar dan langsung disajikan.  Harga: kisaran ±Rp 30.000/orang,  Tempat: Nah untuk tempat makan saya cukup kaget karena dari luar tampilannya kecil dan sederhana akan tetapi ketika sudah masuk ke dalam tempatnya luas dan nyaman, areal tempat makan terbuka dan tidak panas. Walaupun terlihat tua, tempat terawat dengan baik dan begitu juga dengan kebersihannya yang terjaga baik.  Kesimpulan: bintang 5 untuk makanan.",ChIJN1zrOKPzaS4RL_pYpvYtnG0,positive
"Salty Sam, Kelapa Gading",Kelapa Gading,2.0,,"Makanan ya standar, gak dpt sambel samsek cuma nasi telor stgh mateng sama salted egg kyk pada umumnya tp harga udh lumayan pricey + tax. Pelayanan tidak ramah, jutek, gak ada makasih makasihnya. Ya cukup tau aja sih.",ChIJr0lHAkH1aS4RHT7yLzApX_I,negative
Mcdonald's Pondok Indah,Pondok Indah,3.0,"Franchise makanan cepat saji klasik yang telah lama berdiri, terkenal dengan burger dan kentang gorengnya.","Ya standar Mcdonald, tapi yang satu ini sudah 2x salah bikin pesanan saya, terakhir kali kemarin saya pesan cheeseburger deluxe extra patty dan onion, malah dapetnya yang biasa. Sebelumnya saya pernah pesen fish sandwich dan malah dia tidak dapat patty.  Saya cukup kecewa dengan servicenya cabang ini.",ChIJ7dcOv6XxaS4RyMFL_RaGCm0,negative
Masakan Siantar Ali Chinese Food,Kalideres,4.0,,"Pertama kali makan di sini untuk masakan chinese food ala Siantar. Kami pesan ikan tahu tausi, capcay dan ayam goreng kering. Untuk overall masakan OK. Untuk taste memang sedikit berbeda dengan chinese food general, karena biasanya ada sedikit rasa manis. Untuk yang masakan di sini (typical masakan di daerah) cenderung rasanya asin saja. Food : 4/5 Price: 4/5",ChIJBQuy5KQCai4R_j3sZFd29ag,positive
Wei Cafe,Menteng,5.0,,"Recomended makanannya enak”, semua staff ramah dan friendly, ambience nya juaraa sihhhhh buat yg wfc disini bener” tenang dan ga berisik",ChIJgbihEBj1aS4RhJE8_ahut-A,positive
Waroeng Yesi,Sunter,3.0,,Tolong di update udah jauh2 kena macet ternyata tutup hari sabtu tapi di google tulisan nya open 😌 kemarin dateng weekday buka,ChIJS4nKaXr1aS4RvZ_DzmmH2Ek,neutral
Nasi Mandy & Kabsah Al Barkah,Jagakarsa,4.0,Warung sederhana khusus tunai yang menyajikan porsi besar masakan Afganistan dan Timur Tengah.,"Lokasi pinggir jalan hanya saja harus buka mata biar ga kelewatan karna tempat nya manjang ke belakang dan pintunya ada di samping Parkiran untuk motor lumayan luas tapi kalau buat mobil kalo sudah penuh aga susah karna jalan raya sempit jadi ga bisa parkir minggir di tepi jalan  Pelayanan ok ramah dan cepat Pengemasan juga rapi dan kencang jadi tidak perlu khawatir nasi nya berantakan Sangking kencang nya jadi aga susah pas buka kemasannya Hanya jual nasi dengan lauk kambing atau ayam Nasi nya ada 3 macam, kebuli - dominan kari, mandhi - gurih dan apa gitu (lupa) kata mas nya lebih berasa rempahnya Uda nyoba kebuli dan mandhi menurut saya lebih enak yang kebuli, lebih aromatik dan lebih berasa rasanya Dan kebuli lebih mahal dibanding 2 nasi lainnya  Uda coba juga ayam dan kambing nya Ini yang kedua kali nya kami beli, kalo ini ayamnya lebih berasa asin nya tetapi daging nya kering dan agak keras Kalau kambing menurut kami tetep kurang asin tapi daging nya empuk Walaupun ada bagian yang kering tapi tetep lembut, kalo ditambah garam sedikit pasti sempurna.... Anyway, kami sangat menikmati makanan nya, terimakasih....",ChIJSSjFyNHtaS4RpDb_2IyB0BI,positive
Cemara D'Balcony Cafe & Coffee,Kramat Jati,5.0,,"Makanannya enak, porsi juga sesuai. Cocok buat makan sama temen atau geng ghibah, hahaha. Ga jauh dari situ ada mushola didepan indomaret. Pelayannya ramah, dan pelayanannya bagus. Kemaren kesini trus temen ada yg pesen waffle, ditunggu lama bgt jadinya. Trus pas ditanya, katanya cetakannya rusak, ada kesalahan.  Di bikinin yg manual, kayak bentuk pancake gitu, eh pas lagi ngobrol2 tiba-tiba dikasih gratis waffle ice cream gratisss.  Katanya permintaan maaf gitu. Thankyou❤",ChIJL-CdN9rzaS4RTv8fFL0BWZk,positive
Sake+ Arcadia,Kebayoran Baru,5.0,,"niceee and cozy japanese restaurant. vibesnya elegan dan tenang, cocok untuk kumpul"" santai. sashimi nya freshhh banget 💯",ChIJ0XYfdgfxaS4RvNCZrmmcITc,positive
Warung Moro Seneng,Epicentrum Kuningan,5.0,,"Mantap rasanya tidak di ragukan boleh coba, maknyus, untuk pelayanan rama respon cepat",ChIJMzcXuHn1aS4RtEoFZ0xIM-4,positive
Shabu Hachi Lebak Bulus Jakarta,Lebak Bulus,5.0,Tempat makan all you can eat yang menyajikan aneka bahan segar untuk shabu-shabu dan yakiniku.,"Makanan disini lumayan enak, dagingnya fresh. Menunya beragam sangat banyak pilihan ada seafood juga. Ada sushi, sayurannya banyak, minumannya juga beragam. Layanannya sangat ramah, staffnya fast respon, mulai dari keluar lift langsung disapa dan diberikan senyuman ramah. Suasananya nyaman, tempanya luas dan parkirannya pun luas jadi gk usah takut gk dapat parkiran. Tempatnya strategis.",ChIJXXIdvSjuaS4RdWd5J0vIV24,positive
ayam goreng warjo,Klender,5.0,,"Alhamdulillah tempet Yaman, pelayanan nya ok, pertahan nya ya kaka2 ramah nya kalian. Terima kasih",ChIJgU9QIq-MaS4RjfoZR7ypFT0,positive
Kuali Nenek,Taman Sari,5.0,,Langganan de best menunya banyak dan enak poll semua,ChIJsZe8re_1aS4RGtcfPfBvwYU,positive
Rumah Makan Beringin Sari Masakan Padang,Grogol,5.0,,"Harga pas di kantong ga sampe 20 rb , makanannya enak enak pelayanan puas kasih bintang 5",ChIJ6Unm8fn3aS4RBZc6P0dFWaU,positive
Warung Tegal Mungil,Grand Indonesia,5.0,,Masakannya lezat dan karyawannya ramah,ChIJy0kQryD0aS4RQsnmpbGf9VA,positive
Sabana Asli Nasi Kapau Hj. Zaidar,Senen,5.0,,"Nasi kapau perantauan minang, Bebek hijaunya enak. Cuma susahnya kesini jauh dan ganjil genap",ChIJRUdsbEr0aS4RR7NikhTJtSA,positive
Ayam Gepuk Pak Gembus Resto And Cafe,Kebon Jeruk,3.0,,Tempat nya okeee banget nyaman dan makanannya pun lumayan yaa walaupun cukup pricey dari pa gembus lain nya tapi so far oke lahh,ChIJxYaC8bv3aS4Rv5fhBoqAJcQ,neutral
WARUNG NASI IBU TITI,Bintaro,1.0,,"Pelayanan lama,nunggu hampir 3 jam makanan ga semuanya Keluar.",ChIJYUefOarvaS4RFBtpsI6Dy5Q,negative
Liberté Italian Cuisine PP,Sudirman SCBD,5.0,"Bistro Prancis kasual menyajikan masakan tradisional, wine & koktail di tempat sejuk bergaya industrial-chic.","Restaurant dengan pelayanan yang sangat baik sekali, semuanya ramah, masakan yg disajikan juga cepat, rasa makanannya enak (kami pesan Maltagliati dan Steak). Ada smoking dan non smoking area. Lokasi di lantai 2 Pacific Place (lokasi dalam Galeries Lafayette). Top notch untuk waitress nya.",ChIJz0-1aFHxaS4RcquVKTlKl1U,positive
ZENBU PONDOK INDAH MALL 3,Kebayoran Lama,1.0,,such a scam.. kayanya better d kasih 2 chuck daging kaya d gambar dri pd aslinya daging slice d goreng pake tepung yg tebel,ChIJTQuiZyTxaS4Rc9hE1UVbMdw,negative
Restoran Sederhana Masakan Padang,Tanah Abang,4.0,,"Restoran padang yang rada nyempil di samping tamcit. Parkiran nya muat sekitar 4 mobil, tapi kalo penuh bisa parkir di pinggir jalan. Dalem nya luas & ber AC. Makanan nya biar bintang yang berbicara. Dendeng nya the best, rendang nya oke, ayam panggang oke, telor barendo nya sih yang dihidang nya masih anget, mantepp. Ada musholla juga. Untuk harga makanan nya aga pricey, tapi setimpal sama rasanya.",ChIJxUBggyD0aS4R4MHOV75wajA,positive
Waroeng Ikan Bakar Khas Papua,Senen,2.0,,"ikannya gak fresh, dabu""nya sama kaya sambel trasi biasa gak cocok buat ikan, colo""nya tomatnya tua dan gak ada kuah asamnya. dan yg paling menyebalkan bill nya itu gak ada rincian hrga, lsg aj total brp... anh...",ChIJpxhuUTX0aS4R7qj9sZ760ok,negative
Kedai Kosek Hang Jebat,Blok M,4.0,,Suasananya nyaman. nggak semua orang tau tempat ini karena lokasinya memang didalam pemukiman dekat Depkes. Sambel Kosek nya lumayan pedas. Utk yg suka sambel terasinya boleh dicoba.,ChIJLxHzjD_xaS4RviFxTATn7xc,positive
Warung Makan Sederhana,Pasar Rebo,5.0,,"Warung makan nya sederhana tapi rasa nya broo,,, mewah bingit",ChIJ2wcRJ7XtaS4R4WnhDEDMbLA,positive
Langgara Seafood,Penjaringan,1.0,,"buat yang gabisa nunggu sih ga cocok, kesini jam 10.20 malam makanan baru dtang jam 12an so ya buat yg dari jauh gbisa nunggu sran ku mnding coba yg lain yah,, pelayan juga kurang ramah",ChIJ-_0jgJkdai4RyOv98CR5Ww0,negative
Estella Indonesian Family Restaurant Kemang,Kemang,5.0,,"makanannya enak bgtt, bumbunya medok juga. aku pesen nasi bakul ayam taliwang enakk pedes, terus dapet sop sayur gurih bgt seger!! sama nyobain mie tek tek goreng kalo ga salah woww bumbunya enak bgt, smokey, ditambah sambel makin nampol. service nya juga juara, recommended😍😍",ChIJK9KSCv_zaS4Rd99V941qT20,positive
Kedai Gondes - Kalisari,Pasar Rebo,5.0,,"Terbaik makanannya , harga kaki lima rasa bintang toedjohh",ChIJCQFDjobtaS4RiXR8t6N3GOY,positive
Imperial Kitchen & Dimsum,Pancoran,5.0,,"Makan disini selalu double pesen, tdk prnah ckup 1 krn makanannya enak dan anak2 suka",ChIJVUIrv7LzaS4R8qatlz96XBU,positive
Warung Makan Nusantara,Pancoran,5.0,,Warung makan favorit di Pengadegan Utara Pancoran. Paling sering pesan menu Tumis Cahkangkung - Lele Crispy - Telor Dadar. Harga terjangkau. Meja makan dan tempat parkirnya terbatas. Pelayanan ramah.. 👍,ChIJB1YUog7zaS4RbQ9cmHMKoOI,positive
Sejuta Coffee & Space,Central Park Mall,5.0,,"bagus dan terjangkau!! cocok untuk nugas atau ngobrol bareng temen, highly recommend kwetiau rebus ayamnya dengan pilihan level yg pedas yaa!",ChIJD2CKPzH3aS4RSM6BtGCpN8Y,positive
Rumah Makan Manado Rahang Tuna,Matraman,5.0,,"Abis makan nasi campur ayam woku, bakwan jagung dan papeda disini enak bgttt, ayam woku nya enak, bakwannya garing, rasa papedanya juara. Harganya murah bgt, porsi nya juga cukup, pelayanannya ramah2 bgt disini. Semoga usahanya semakin sukses ya",ChIJI2ko9OXzaS4R45WwXUl6aCI,positive
Penyetan Cok Atrium Senen,Senen,4.0,,"Suka sekali. Menunya variatif. Porsinya sesuai harga, jd worth it. Tempatnya bersih. Waitersnya ramah bgt. Paling penting, sambelnya cukup kerasa pedasnya untuk selera saya yg suka pedas. krna biasanya ada yg bilang pedas tp ternyata tidak pedas.. Mampir aja kalo penasaran. 🫰",ChIJ____WDX0aS4RoVknkmTEDsc,positive
Sop Duren 88,Central Park Mall,5.0,Tempat makan minimalis & penuh warna dengan makanan khas Indonesia & berbagai kreasi sajian penutup durian.,Sudah makan dr bbrp thn lalu. Msh ada jejaknya. Makan lg kemarin2. Ternyata ada yg berubah.  Gelasnya berubah dr beling jd plastik. Ukurannya jg lebih kecil dr gelas kaca dulu 😅. Pas take away pun kemasannya berubah. Dulu pake gelas plastik gede. Skrg mangkok yg buat kemasan nasi ayam geprek. 3 foto awal sudah 5 thn lalu. Potongan durennya msh kotak2 besar. 2 foto terakhir foto kmrn udah kecil2 potongan kotak durennya,ChIJcUCbxln2aS4RFDCd6fdU4MA,neutral
Waroeng Kita Nusantara,Matraman,2.0,,"Menu Rata-rata gak ada, yg paling kecewa pesan mendoan kok yg dateng tempe goreng dan kecil lagi",ChIJTUHpi1D1aS4RwRKRfqEQ1VM,negative
RM. Sari Minang Baru,Tanah Abang,5.0,,"Yang khas disini dari jaman dulu : lidah cabe ijo, sama ayam pop. Kalo ke sini pasti pesen itu de.. Hrg per potong sktr 19rb..",ChIJ89DrydX1aS4Roq_HkEZ8lpQ,positive
Levant Boulangerie Patisserie & Restaurant,Kemang,5.0,"Resto Prancis kasual yang menyajikan makanan kafe populer, pastri, & roti di area terang dan kontemporer.","The food is awesome. Banyak pilihan dan benar2 di buat dengan serius. Tempatnya juga cozy walau dibatasi hanya 90 menit. Sekedar saran, ada beberapa waiter yg susah banget senyumnya. Pertama kali saya datang,  i just thought that they just had a bad day. But my second visit, the same waiters, the same ""no smile"" policy. :)",ChIJnTlS8ZTxaS4RCps2zu5GMZ0,positive
SOIA Modern Asian Cuisine,Sunter,5.0,,"Tempat estetik pol, lighting bagus untuk foto2, makanan variatif dan enak2. bisa jadi referensi restoran dan tempat nongkrong enak. gw nyobain tiramisu nya legit dan manisnya pas. kopi susu gula aren nya tipe yang light dan bisa di minum kapan aja.",ChIJnXs9O0H1aS4R9XphMNieDTA,positive
Gudeg AGOPE (Ayam Goreng Pertiwi),Pasar Minggu,5.0,Tempat makan di sekitar dengan dinding bambu & teras nyaman yang menyajikan ayam goreng klasik Indonesia.,"Tongseng kambingnya enak, empuk nggak bau prengus...",ChIJ7xBI2QryaS4REB6Mo3cxrj8,positive
RM Siang Malam Masakan Padang 24jam,Kemayoran,5.0,,Miss this place. Menunya banyak pilihan salah saty rumah makan padang yg digemari oleh orang orang pekerja di PRJ kemayoran. Siap siap menunya semua pedas tapi nikmat bikin ingin nambah teruss. Kesini di jam makan siang masih ada space kosong. Agak menyesal tak pesan Jengek siram.,ChIJ6dDl9Lv1aS4RqQhpKUEDRPY,negative
bebek pondok kelapa,Pondok Kopi,5.0,,"✨Makanan: Bebeknya empuk, lembut, makan pas anget2 wuuuuuuuuuuu sedap. Bumbu irengnya enak. Ga keasinan. Sambel ijonya pedes, hati2 ya. Mendoannya krispy tp dalemnya enak beneran pake tempe yg gedd2 buat mendoan. Es teh manisnya ada sepet2nya gitu enak.  ✨Layanan: Waitersnya ramah, pelayanan cepet, makanan cepet dateng.  ✨Suasana: Parkiran mobil sama motor agak sulit sih. Kalo rame ya riweuh. Bersih semua. Dekorasinya usung tema jadul gitu. Mushola ada lt2 tapi sempit cukup seorg doang atau max 2 org.  Goodlah👍👍❤️",ChIJIQ_IMwCNaS4RIM0Au7bV4hs,positive
Waroeng Bang UUD,Puri Indah,5.0,,suasana tempat santai ngopi enak sekali,ChIJEynU13T3aS4RoONtCAcjepo,positive
UNION Cafe Senayan City,Sudirman SCBD,5.0,,"Makanannya enak, tempatnya juga oke. Mas hirarki jg pelayananya baikk🥹 good jobb",ChIJZdzUeI3xaS4R85r1JRJ3Kb0,positive
Warung Joglo Si Embah 2,Cibubur,5.0,,Murah.. Enak.. Kenyang.. Tempat bermain anak² ada.. Toilet ada.. Mushollah ada.. Tempat parkir luas.. Buat kursi roda jg bs.. Suasananya sprti rmh tempo doeloe.. Bersih.. Bahan dan makanannya fresh.. Sistem prasmanan.. Bikin betah nggak mau plng 🤪,ChIJY7dIPwCTaS4Rpqeba7vaAkc,positive
Warung Nasi Alam Sunda,Grand Indonesia,5.0,Warung makan dgn hidangan dan suasana ala tradisional Sunda yg dipadu dgn spesial sambal dower dan lalapan.,"Salah satu warung paling ramai di seberang blok B Tanah Abang. Aneka masakan okahan sunda tersaji banyak sekali, dari lauk, sayur, tumisan hingga nasi semua porsi besar. Gelas minumannya pun porsi besar.",ChIJQ_r05pz2aS4REzGlMz7q3-w,positive
Rumah makan kecambah prasmanan,Senayan,4.0,,"Warteg versi elit, rasa masakan enak, terutama soto ayam kuahnya berasa bgd ayam kampungnya. Yang perlu diperbaikin: 1. Sikap pelayan utk tidak berisik pada saat tamu sedang makan. 2. Kebersihan terutama pest control, karena pada saat saya sedang makan, muncul tikuss yg lari dari dapur menuju tembok (naik lewat kabel).",ChIJiQXcCwD3aS4RGv-PC_YSSuQ,neutral
Dandang Gulo Restaurant,Tanah Abang,5.0,,"Tempatnya cozy, menu makanan nusantara, soal rasa lumayan enak, harga masuk akal, kopi gula aren ny mantaaab, hehehe",ChIJB_5bBpD3aS4RZxQKy0_4-mI,positive
Dapur MTW PonPin,Pondok Indah,5.0,,"Dulu mereka punya paket Lidah Sambal Matah (Lidah Sapi dengan sambal Matah). Dan juga puding cokelat yang lezat. Sayangnya, kedua menu itu sudah tidak tersedia lagi. Setidaknya di menu Grab Food. Yang spektakuler adalah lidah sapinya (sambal matah, cabe hijau, balado), bisa dipesan per potong, atau dipotong dadu (kriwil). Dan juga cakalang mereka. Rasanya luar biasa, hanya perlu hati-hati dengan rasa pedasnya. Mereka tidak pernah menyebutkan gaya masakan mereka, tetapi saya yakin mereka adalah orang Manado. Dengan bumbu yang kaya dan rasa pedas yang lezat.",ChIJ30i7yKfxaS4RuBER73yEki4,neutral
Sate Khas Senayan - Citra Garden 6,Kalideres,5.0,,"Untuk rasa makanan dan minumannya biasa aja dan over price. Tapi pelayanan nya bagus, staffnya ramah, tempatnya juga nyaman. Thnks sate khas senayan",ChIJQxNZQ7ACai4RW4VkSjdGyjk,neutral
Cabe Ijo Sunter,Sunter,3.0,,"Pesan 5 menu. Makanan rasanya enak, tapi total nunggu 48 menit sampe semua makanan keluar. Jeda antar makanan keluar bisa 10 menit.  Anehnya restoran gak dalam full capacity. Mungkin sekitar 70%. Masih ada beberapa meja besar yang kosong.  Terakhir kesini juga makanan keluar 1 per 1. agak lama meskipun gak selama ini.",ChIJiwqb9iL1aS4RZDZDOyBs2xc,negative
Fajar International Restaurant,Kembangan,3.0,,"Lumpia Udang (1/2 porsi IDR 95K) -kurang berasa daging udang nya. Rasa saos asam manis nya kurang strong  Nasi Hainam (IDR 20K/porsi) -nasi nya terlalu kering dan agak sedikit keras  Ayam rebus hainam (1/2 porsi IDR 110K) -rasa nya kurang strong  Harganya mahal, tidak berbanding dengan rasa yang enak. Area parkir nya luas. Pelayanan staff nya cukup baik dan ramah.",ChIJNVop5g_3aS4REGZHWva8JVE,negative
Bulgogi Yaa! AYCE Korean Restaurant,Duren Sawit,1.0,,"Tempatnya sepi nyaman, Tapi dagingnya super keras gk bisa tertrlan, gak akan mampu lu gigit. Bukan maksud jelekin tapi kecewa gua sama dagingnya, gigi gua langsung linu",ChIJYcHCldvzaS4RXffhoxuh6XI,negative
Pesta Rasa Nusantara - Taman Palem,Kalideres,4.0,,"pertama kali makan di sini, cara pesan mulai dr pintu masuk, nasi ada pilihan nasi kuning dan putih. nasi diambilkan oleh pramusaji, kemudian dilanjutkan oleh pelanggan untuk mengambil lauk dan sayur. ada beberapa paket lauk yang bisa pelanggan pilih. kekurangannya nasi kuning agak keras mungkin sy dateng agak maleman, cuma lauk dan sayur komplit.",ChIJAVZ386gDai4RWMsDz-DdAvo,positive
Louie Coffee,Pondok Indah,5.0,"Kafe simpel trendi dengan nuansa santai dan tempat duduk outdoor, menawarkan hidangan kafe ringan.","Louie Coffee - Pondok Pinang  Coffeeshop yang sudah berdiri dari 7 tahun yang lalu melakukan renovasi total bagian indoornya. Sekarang tampil dengan interior fresh, vintage mewah namun tetap homey dan nyaman. Spot seating area luas yang terbagi untuk ac non smoking dan smoking area. Bagian paling cantik adalah meja barnya yang memanjang dan tampil elegan. Untuk menu sangat lengkap, saya memesan hot Magic dengan beans single origin Aceh dengan taste light, creamy and fruity orange. Kemudian saya mendapatkan second cup Magic dari barista mas Febry (hospitality yang oke banget) dari beans yang sama dengan taste light, creamy, orange dan chocolate. Kedua cup Magic ini disertai art latte cantik yang menjadi point plus. Overall, meski coffeeshop lama namun sekarang tampil dengan lebih fresh vintage mewah dengan hospitality juara plus kopinya enak. Wajib disambangi bagi penikmat kopi.",ChIJo797-rTxaS4ROcEpGgZw1ds,positive
Masakan Siantar Ali Chinese Food,Kalideres,1.0,,"Resto ini gak naruh harga di menunya, dan menurut saya harga makanan disini SANGAT MAHAL dengan porsi yg biasa aja... Rata rata 1 menu berisar 80 sampai 90 ribu.. Saya pesan bistik babi, bistik ya keras bgt kayak karet dan juga rasanya hambar gak berani bumbu.. Cukup sekali aja beli makan disini gak lagi2..",ChIJBQuy5KQCai4R_j3sZFd29ag,negative
RUMAH MAKAN PADANG KARUNIA JAYA,Daan Mogot,2.0,,Layanan porsi nya tidak kaya rumah makan padang biasa nya. Sedikit banyakan nasi kfc di banding mah,ChIJa3zpPpb3aS4R3i5EOURf2gw,negative
Bangi Kopi Lokantara,Pulo Gadung,5.0,,"Untuk lokasi strategis, nyaman, ada working space nya.  Makanan dan rotinya pun enakk 👍👍",ChIJC6HXUeD1aS4RJXiJqqGNtLk,positive
369 Shanghai Dumpling & Noodle,Mangga Dua,3.0,"Tempat makan kasual yang menyajikan pangsit, sup, dan mi ala Shanghai di tempat dengan deretan karya seni.",Resto legend nih dr jaman dulubanget dan masih exists sampe sekarang 👍  Terkenal dengan bakmie dan nasgornya dan juga herbal soup.  Song Mie: 3/5 Somehow bakmienya bau apek yaa. Namun kuah kaldunya enak. Topping juga lumayan  Nasgor baikut katsu: 3.5/5 Naagornya enak wangi. Namun baikut katsunya aneh teksturenya. Sayang sih padahal baikut itu enak banget dan sebaiknya gak usa dikatsu  Xialongbao: 4/5 Kuotie panggang: 4/5,ChIJOSUZo-P1aS4RRQnyqTrYb7Y,negative
Warung Nasi Ibu Jum,Koja,3.0,,Warung nasi di daerah cipuecang Koja Jakarta Utara,ChIJSWxJTo0fai4R14Gh8pD564I,neutral
Warung Bu Ratmi Gunung Kidul,Kebayoran Baru,5.0,,"ayam goreng dan sambalnya enak banget, kaya bebek kaleyo rasanya, lebih enak malah tempatnya juga bersih",ChIJM7jUSoPxaS4RK2dTfoi7rDA,positive
RM. SAMALAM RAYYA,Gambir,1.0,,Hitungan harga asal asalan. Harga sepertinya tidak konsisten asal hitung yg penting banyak. Ini foto bukti salah penjumlahan saat saya periksa kembali sesampai di hotel,ChIJ16_io7L1aS4RFIC2AacZlos,negative
WARUNG MAKAN LESEHAN BUNDA ( DEWI ),Cengkareng,5.0,,"Warungnya masakannya enak, setiap hari baru, harganya murah, pelayanan ramah, tempatnya bersih dan nyaman",ChIJGfK152z3aS4RV2cWJuHo0Fo,positive
Warung Bude YADI,Duren Sawit,5.0,,Makanannya Beragam,ChIJ6UE-BbTzaS4RmNt8Fdzmufk,positive
Kedai Makan Rupo-Rupo,Cilandak,4.0,,"Tempatnya nyaman sayang pencahayaannya kurang terang sehingga jadi ragu apakah tempatnya buka atau belum. Akhirnya memutuskan masuk dan ternyata buka, kemudian pesan nasi goreng kambing kebuli, rasanya enak dan well-made, walaupun untuk harga 35rb rasanya bisa ada condiment lain selain kerupuk dan emping (telur?) Kapan-kapan akan kembali untuk mencoba menu lainnya yang terlihat menarik!",ChIJ_VbkpdnxaS4RiRjoY-uadb8,positive
Pujasera Matraman,Matraman,5.0,,"Mknn,minuman dsni enak dan ramah di kantong☺️",ChIJt8_q6LL1aS4RDCdmi4S4sY4,positive
Bang Mamat,Kalideres,5.0,,"dont judge by just look on the outside.. taste it.. !! totally excellent cuisine of soto jakarta.. ada sapi, ada juga soto ayam.. menu baru oseng sapi nya juga top notch",ChIJN-dST6kCai4R5Mf8z5o08M8,positive
"Bebek Kartika Kebagusan, jl. Sepat",TB Simatupang,5.0,,Bebek disini enak . Sambel pedes bikin nagih. Bagi yang suka pedas. Untuk harga jga tidak terlalu mahal yaa saya beberapa kali kesini terus . Lokasinya mudah untuk dijangkau yaa,ChIJq6qqqvftaS4RUm8cqKdEsow,positive
Prasmanan Kantin Artomoro,Epicentrum Kuningan,4.0,,harga dan rasa cocok,ChIJqRh3veTzaS4RJPNJ7JTFH3s,positive
Warung Pak Herman,Menteng,5.0,,"Warung pak Herman/warung kelontongan yg tersedia di jl.cirebon,hadiri & nikmati tersedia kopi,teh manis,Mie goreng,Mie Rebus dan lain-lain!!?",ChIJ409FoxP0aS4RGrH0zxifBQM,positive
Warteg mas'E,Tanjung Priok,1.0,,"Tolong dijaga kebersihan makanannya, karena ada lalat mati didalam makanan kami, lalu mutu makanan ayam teriyaki tidak enak, tidak rekomendasi sebelum ada perbaikan, tks. KACAU.......",ChIJ7fOs2FUfai4RbCLw6O0Lmp8,negative
Warung Tahu,Kelapa Gading,5.0,,"Yg doyan makan tahu, yuks merapat, di sini byk menu2 yg di buat dari bahan dasar tahu. Menu favorit yg best di sini ada Kembang Tahu Jahe, Tahu Petis, dan jg Susu Kedelai (ada tersedia jg dlm kemasan per botol yg sdh ready utk di minum), pd cobain yaa 😊. Sambil menunggu pesanan siap di buatkan, boleh coba makan kue nya dl, ada Kue Klepon, Sawut, Roti, Keripik, dsb.",ChIJQ7llesT1aS4RwkJqJfc_yEY,positive
Sea Grain Restaurant and Bar,Menteng,5.0,Restoran DoubleTree Hotel indoor/outdoor elegan yang menyajikan hidangan Mediterania kelas atas.,"Ambience : Tempatnya sangat romantis dengan dipasang musik yang tenang, selain itu design interiornya juga sangat bagus dan casual. Ketika di malam hari suasana romantisnya lebih terasa dengan lampu yang low light but not too dark.  Food : Makanan yang disajikan disini juga enak-enak terlebih untuk jenis seafood seperti Salmon dan Grilled Half Lobster. Aroma makanannya sangat enak dan tidak berbau amis. Untuk makanan manisnya rasanya juga pas. Rasa makanan disini mengikuti budaya Mediterranean yang rasanya pas di lidah dan tetap enak.",ChIJ0R5gH2v0aS4RjagMBn-kabk,positive
LUBERGER Jatiwaringin,Makasar,5.0,,"Enak bgtt. Wangi dagingnya strong (klo kurang suka bau sapi jgn ya ges) tp jd makin enak makannya, keju nya byk bgt ga bikin eneg, roti nya soft sekalii. Pleasee jgn tutup ya🥺 Aaaa enak bgttt rameiin lagi gais recommended ni👍🏻👍🏻👍🏻",ChIJRZIPbGrzaS4RLdr2psUV77c,positive
Roemah Kueh,Cibubur,5.0,,Kue2 & masakan enak 2 bumbu2nya berasa banget sedep lontong opor (harus pesan) karena by request.....hasanya ngangenin...,ChIJvaSgdFmTaS4RW5IcDV4Z_so,positive
Restoran Sederhana (SA) Hang Lekir,Senayan,2.0,Restoran dengan beberapa cabang yang menyajikan masakan Padang berkualitas dan sari jus buah segar.,"8 feb 2026. udh curiga sepi banget.. porsi nasi dikit bgt tuhaaan 4sendok udh abis. 13rb loh padahal, nambah lg sporsi akhirnya 8ribu. zonk siy kesini lg, kl laper bgt siy ga worth it maaf 🙏",ChIJwz3bmEfxaS4RmvBx9CD3Xic,negative
Roti Panggang Palasari,Penjaringan,4.0,,"#OhReview : Sate padang di palasari sih terbaikkkk, satenya enak, bapaknya baik 👌🏻👌🏻 kalau kesini paling recommended bangeettt cobain sate padang kambing pasti endddeeeeus bangetttt. Ada pilihan daging Sapi dan daging Kambing mbekkkk",ChIJUyNrqO0dai4RMogmDyRvOro,positive
Rumah Makan Karunia Jaya,Kebon Jeruk,3.0,,"Sebenernya dari rasa nya enak, harga terjangkau, tapi pelayanan dari salah satu karyawan nya kurang ya. Saya pesen nasi ayam bakar & jengkol rendang, pas nempatin ayam dia nfga fokus sehingga hampir lupa masukin lauk lainnya dan saya manggil berkali2 karna dia ngga fokus sama pelanggan yang lagi dia layani. Trus saya bungkus lagi nasi ayam bakar dan telur dadar, tapi yang dimasukin malah telor doang TANPA AYAM dan itupun telor nya telor bulet (rebus), bukan telor dadar. Mungkin ada yang menganggap ini sepele, tapi apa iya seperti itu pelayanan nya?",ChIJvzPLkCL3aS4RnayQp2rVFQQ,negative
Gajah Mada Food Street,Gambir,5.0,Food court outdoor kelas atas yang menawarkan berbagai masakan & bir di area tempat duduk yang luas.,"Makanannya variatif dan untuk Chinese Food nya enak2 (honorary mention: mala xiang guo dan shakao)  Tempatnya pewe banget buat nongski malem sama temen2, terutama buat nobar",ChIJK0fYLzP1aS4RpGSFn-LBsMM,positive
Warung Cirebon Sambal Edan,Taman Sari,4.0,,"Nah ini baru warung makan yang sesuai namanya ( Edan ) karena rasa sambalnya yang pedas. Tuk yang tidak begitu suka sambal atau tidak kuat makan sambal bisa ditambahkan kecap manis dan perasan jeruk nipis yang agak banyak tuk mengimbangi rasa pedasnya. Ikan asapnya digoreng terlebih dahulu sebelum disajikan, ikan yang digunakan adalah ikan salem. Sayur asemnya enak walaupun kuahnya tidak panas. Bisa request bila ingin kuahnya panas/hangat. Meja dan kursi tersedia tuk sekitar 25 org. Tersedia juga lesehan tuk sekitar 20 orang. Harga menu nya cukup murah. Bayar setelah makan, cukup ke ujung dan cari seorang ibu yang duduk sendiri yang adalah kasirnya. Untuk yang tidak kuat debu lebih baik makanan dibungkus saja karena tenda ada di pinggir jalan yang banyak kendaraan lalu lalang, apalagi saat ini di depannya sedang ada proyek yang dikerjakan.",ChIJ0VDkm-f1aS4R-TU1tOQhLyg,positive
Fish Village Restaurant,Penjaringan,3.0,,"Overall oke,  Salah satu resto yg keep standing di Pluit melalui berbagai masa.  Harga nya ga murah tapi somehow banyak orang yg suka dengan cuisine pilihan disini dan porsi nya jg agak lumayan  Cuma ga banyak renovasi dan minum nya mahal yah ga refill for tea (20K) dan untuk hot tea per cup (20K). Then gw melihat sekitar pd bw tumbler",ChIJax7y6t8dai4RGdtOY-90plU,neutral
Kimukatsu PIM 3,Kebayoran Lama,5.0,,Servicenya samgat bagus karna makanan keluar cepat. Mungkin karna datang di jam maksi weekday jadi ga begitu rame Kalau makanan ga usah ditanya sudah jelas enak. Beef dan cheesenya berasa banget ga cuman tepung aja☺️☺️,ChIJ95L390HxaS4R_V_2_kuEzQ8,positive
"Smara kitchen and coffee, Puri Indah Mall",Puri Indah,4.0,,"Tempat cukup ok interiornya, cenderung sepi dan tenang, which is bagus. Harga makan minuman termasuk terjangkau. Saya pesan Nasi Campur Balunangan 98k++. Daging dendengnya keras dan serasa ada gosong2, kemudian sate ayamnya juga keras tidak juicy, rendang biasa, cumi matahnya saja yg enak. Skor overall 6.7/10 sih.",ChIJQzRORQD3aS4RP4orGvJqvxc,negative
Din Tai Fung PIM 2,Kebayoran Lama,5.0,,"Kurang cocok dengan lidah, selera saya yang pedas. 4 jenis makanan. Yang dicoba cenderung manis asin",ChIJ24wC9KXxaS4Rv8djGQv9Y1o,negative
Polly Cafe Foodcentrum,Pademangan,5.0,,"pesen almond croissantnya, rasanya kureng, butternya ga berasa wangi, tempatnya nyaman untuk laptop-an atau nongki, tapi croissantnya khususnya yg manis, sepertinya bahannya kurang premium. tp untuk yg savory, lebih enak, pesen ham n cheese. pelayanan ramah, harus tunggu sekitar 10-5 menit untuk take away croissantnya.",ChIJkcJFth71aS4RQPHuqrEUegI,neutral
ARTS RESTO & BARBER,Pondok Indah,5.0,,Ada bubur hongkong juga loh bisa di order lewat gofood,ChIJE5rumt7xaS4RVnKpQhnaoKg,negative
Rumah Makan Bakoel Bebek,Mampang,5.0,Masakan klasik Indonesia yang disajikan di rumah makan terang dengan dinding batu bata yang terlihat & teras.,"Bebeknya enak banget! Dagingnya empuk, gurih, dan nggak amis sama sekali. Sambal ijonya juara — pedasnya pas dan bikin nagih. Tempatnya sederhana tapi bersih, pelayanan cepat, dan harga masih bersahabat. Recommended banget buat pecinta bebek di area Warung Buncit! 🦆🔥",ChIJ8ep7Qy3yaS4RuMiCnLRb99g,positive
Pojok UMKM Indonesia,Gambir,4.0,,Pilihan makanan nya banyak dan beragam. Suasana meja kursinya kayak di warteg deh. Eh... tapi jangan salah ya... di setiap meja yg mepet ke dinding..ada colokan listriknya ..mata tiga lagi..Joss.,ChIJ1cVXTs31aS4RIEA75zmTQ_4,neutral
Nasi Uduk Betawi Pengadegan Bang Awi,Pancoran,5.0,,Langganan dr 10 tahun yang lalu.. rasanya ga pernah berubah.. enak? ga perlu dipertanyakan lagi 🤍 ayamnya ngeresep.. semur tahu nya top.. ati ampela nya enyaak,ChIJE60BgrrzaS4R2U-iYdYnuUY,positive
Pondok Safari,Tomang,4.0,"Restoran kuno China yang menyajikan makanan populer, dari mi hingga tumisan, di ruangan nyaman.","Parkiran sulit. Tempat kecil dan rada sumpek. Wajib dan rekomen coba nasi goreng merah. Harga mahal sih 83ribu seporsi. Tapi enak, porsi banyak dan toppingnya juga banyak. Ada lapciong,baso ikan dan daging babi yang ga pelit! Saran bawa minum sendiri karna cuma sedia aqua dan harganya 8ribu. Haha",ChIJfxcS7Wn2aS4RKFmuxQY7w0k,positive
Nasi Jagung Plat S Abah Toni,Pondok Kopi,5.0,,"Nasi jagung komplit (+ urap, lodeh, peyek kacang, sambal, ikan asin) pake ikan asap (salem dan tongkol). Enaak.  Sambalnya pas, ga terlalu lebay pedasnya, buat yg ga makan terasi harusnya sambalnya aman dimakan.  Suka sama lodehnya, enak dicampur sama nasi dan dicocol sambal ikan asapnya :9  Kapan2 nyobain yg cumi asapnya ngiler liatnya gede gede :9",ChIJwz2dIACNaS4R7HTMd8OBDuU,positive
Ampera Garden cilandak,TB Simatupang,5.0,,"Cocok buat kulineran.. Ada macam pilihan menu.. Mulai kebab mayestik sampai sate H Ismail.. Es alpukat.. Es pisang ijo.. Ayam geprek, sate Taichan, Makanan khas Makassar, Makanan khas Ambon.. Dan sebelah nya ada mie gacoan",ChIJ_dlVVB3yaS4R3peO54zGHVY,positive
Warung Mak Sul,Lebak Bulus,5.0,,"Ketupat sayur Padang sama jajanan pagi nya ajiib bgt dah pokoknya, wajib nyobain, recommended bgt bwt yg suka makanan ini, tersedia juga di gofood dan grabefood dgn nama restoran Ketupat Sayur Padang Basamo... Cekidot",ChIJIwLUujXuaS4R27v9RXC22s4,positive
Seberang Senja Coffee & Eatery,Kalideres,5.0,,"Pelayanannya bagus bangett, mbak sama mas-nya sopan dan ramah. Makanannya juga gak bikin kecewa. Tempat yang cocok banget buat nongkrong sama temen. Desain interior nya juga kerena banget tema nusantara. Ada promo rolling spin kalau belanja 100k",ChIJqblTDSwDai4R_v1H7w6uPYM,positive
Asia Restaurant,Kuningan,5.0,Restoran prasmanan Asia dan Barat yang luas dan indah di Ritz-Carlton Jakarta dengan tempat memasak langsung.,"Asia Restaurant ini menurut saya adalah restoran hotel bintang 5 yang paling worth it.  Saya kesini di hari Minggu untuk brunch. Menggunakan promo grab dengan rate sekitar 300.000/orang. Cukup murah dibandingan dengan resto hotel bintang 5 lainnya.  Yang paling top adalah pelayanannya, semuanya ramah & sopan, tidak membeda2 kan tamu walaupun bayarnya pakai voucher promo.  Ambience nya sangat warm & nyaman. Tipikal hotel bintang 5 “old money”. Pilihan makanannya sangat bervariasi. Ada seafood yang fresh, steak, sashimi, sushi, salad, pokoknya hampir semua jenis makanan ada mulai dari Indonesian Food, Chinese Food, Western Food, Indian Food, Dessert, Vegan Food, Buah2an pokoknya lengkap deh. Minumannya juga bervariasi, karena datangnya weekend jadi ada berbagai juice, beberapa jenis teh & kopi juga. Disediakan juga minuman alkohol dengan additional charge.  Rasa makanannya mostly enak-enak, ada juga yang biasa saja, tapi tidak ada yang tidak enak.  Karena saya kesini untuk merayakan ulang tahun, saya sempat titip kue di freezer mereka. Ketika saya minta kuenya untuk dikeluarkan, ternyata saya diberi kejutan oleh para staff, dinyanyikan lagu selamat ulang tahun.  Overall Asia Restaurant ini sangat recommended! Minimal sekali lah kalian harus coba makan disini karena super worth it.",ChIJ3WK32eTzaS4RgnBUrKIc10Q,positive
Warung Sate El-Yusa Cak Rudi,Cilandak,4.0,,"Opsi warung sate yang paling deket RSUP Fatmawati. Belinya via go-food karena jauh juga klo jalan kaki. Sate ayamnya model madura, rasanya enak, ngasihnya daging campur lemak/kulit. Cuman harganya agak mahal sih untuk ukuran warung sate pinggiran",ChIJHSIrASLuaS4RuKbZcozy4OI,positive
Hoki Kitchen,Kelapa Gading,5.0,,Makanan enak sekali saya prsan spaghetti rose pasta bacon dan nasgor goreng bacon makanan sangat enak dan atmospherenya chill,ChIJFW2k40X1aS4Rl0wCCKVPuAY,positive
Ayam Gepuk Pak Gembus Resto And Cafe,Kebon Jeruk,2.0,,"Bukber di tgl 7 Maret 2026 Udh setor menu dluan paket ramadan untuk semua menu sesuai walaupun gempar 2 chicken katsu nya 2 potong seperti maen nan dengan harga 42rb agak ga masuk akal ya , setiap menu udh di riquest level katanya bisa pilih level tapi SEMUAAAAAAAAA menu cabenya sama semua PEDAS sedangkan dikasih level agar bisa kemakan semua jadi ga ke makan, Karyawan cowo baju pink saya panggil ""iya kak tunggu ya"" nada nya tinggi bgt judessssss...hahaha gaada ramah ramah nya, pesen pisang bakar ga sesuai gambar menu, pas datang pisang di siram cokelat meleleh wrna hitam banget dan sangat amat kemanisan akhirnya 2 porsi pisang bakar tidak di makan sama sekali, dan menu tidak semua di input kasir ketinggalan satu menu dan harus nunggu lumayan juga tmn tmn saya udh selesai makan baru datang, next tolong dong di perbaiki lagi dari segi pelayanan nya dan service nya karena kita makan aja total 600rban sudah service dan tax, cukup sekali deh makan disini cabe gepuk nya pun seperti cabe pada umum nya gaada kacangnya kecewaaaa asli",ChIJxYaC8bv3aS4Rv5fhBoqAJcQ,negative
Warung Taburai - Kelapa Gading,Kelapa Gading,5.0,,Makanannya enak. Aku suka dendeng cabe merahnya. Dan juga nasi pera dan bumbunya bikin pingin makan lagi. Ada pemandangan LRT nya juga jadi kayak suasana rumah makan seberang rel kereta.,ChIJTcOAPgD1aS4RWuL6-rTeS6M,positive
"Hoghock, Taman Ratu",Daan Mogot,4.0,,"Pertama kali coba specialist pork di Taman Ratu Dari segi bangunan nampak luar sih menarik, pas masuk dalam ada hiasan tema hallowen krn bln Oktober. Jumlah meja ada 8 trs paling ujung ada stand utk menyiapkan minuman. Tempat makan hanya di lantai 1, jd kalo datang pas jam makan siang pasti harus menunggu (waiting list)  Yg kami pesan : 1. Bakmi ahog Rp 37.000 Bakmi keritinf dg dagung babi cincang, sayuran dan 3 keripik kulit babi Utk sambalnya encer bgt n tidak terasa pedas 2. Hogyong (alias gohiong) Rp 29.000 Rasanya lumayan enak berasa babinya 3. Giant hig satay (isi 4 tusuk) Rp 60.000 disajikan dengan sambal bawang Rasa sataynya lebih ke arah chinese yg manis. Ada yg ukuran normal size jg. 4. Baksl gorenf babi isi 2 Rp 32.000 Utk rasa bakso gorengnya boleh la, disajikan dg saos sambal botolan 5. Crispy pork Belly 250 gr Rp 165.000 Rasanya ok, gak terlalu berlemak dan lumayan crispy 6. Nasi putih Rp 8.000 7. Nasi hainan Rp 12.000 8. Teh tawar dingin /panas Rp 15.000 (free refill) Ada minuman lain jg spt alkohol, dan ada es krim. Selain itu ada jg burger babi, nasi campur mulai dari rp 68.000 dg isian urap, daging babi, kerupuk kulit babi dan satai. ADa jual keripik kulit babi 1 toples Rp 65.000.  Saran kalau mao makan yg bisa mencobai crispy pork n satai, pesan nasi campur komplit lbh worthed deh, drpd pesan satuan. untuk pelayanan menurut kami sangat kurang, dg jmlah meja yg hanya 8, jlh pelayan lumayan byk tp keliatan kurang kordinasi dan lemot. Yg pertama dihidangkan adalah lauk, sedangkan nasinya agak terakhir (tdk berbarengan) Trus makanan ud dtg, tp perlengkapan makan (sendok garpu) gak dikasih sampai harus kita minta sendiri dan itu pun pelayannya spt biasa aja ga merasa gmn2. Uda setengah jalan makan minuman jg gk diantar, sampai harus kita yg minta baru dianter. Minta tambahan sambal aja butuh waktu 5-8 menit. Serba lambat sih Sran mgkn lbh ditingkatkan lg supervisi dan mengubah sistem pelayanan.  Parkiran agak terbatas (hny didepan resto 1 ruko atau di pinggir jalan.",ChIJQ4rgDa33aS4R_ndrXdyZogs,neutral
Warung Makan Indomie Warmindo,Pondok Indah,2.0,,Untuk yang iseng cari warung kopi....lumayanlah,ChIJwyJtj9TxaS4RRyqCjTGMHeE,neutral
Kebuli Arabi,Makasar,5.0,,Bersih banget.. suka sekali makanan juga enak cocok untuk saya yg tidak bisa makan dengan bumbu yg terlalu kuat.. Rekomendasi untuk kalian yg mau makan nasi kebuli daerah Jatiwaringin Pelayanan ramah sekali dari staffnya.. enak.. tempat bersih.♥️♥️♥️♥️,ChIJ21W0MuSLaS4RYjfcTVFkhv8,positive
Dharma Kitchen,Penjaringan,5.0,"Restoran vegetarian terkenal yang menyajikan masakan Asia, Indonesia & Amerika, plus hidangan penutup.","Makanan vegetariannya enak, service nya juga oke, tempatnya cozy cocok untuk acara makan keluarga, kids friendly. Kalau bawa orang tua ga worry naik tangga nya karena mereka ada elevator.",ChIJQy5HppYdai4RUPNUugR-1U8,positive
Platinum Resto,Tomang,5.0,"Polished, low-lit dining room with comfortable seating turning out Asian fusion fare & steaks.","Resto favorit dari jaman masih kuliah sampai punya anak. Untuk service masih the best semua staffnya baik & profesional sekali. Cuma sayang sekali: 1. Interiornya makin kaku, dulu ada sofa untuk pengunjung dlm jumlah banyak bikin makan lebih nyaman. Tapi sekarang meja diperbanyak jadi makin sempit dan sofanya dihilangkan. 2. Steaknya sudah tidak hotplate lagi, sekarang disajikan dipiring dan sausnya sedikit sekali pakai small cup tidak seperti dulu pakai sauce boat, jadi tidak ada experience tuang saus keluar asap di piring hotplate seperti dulu lagi.  Kangen sama platinum yang dulu :)",ChIJKTE-OVv2aS4RJkOUGMPLPFM,neutral
Shisha Cafe Kemang مطعم عربي / شيشة (مطعم ومقهى شيشة),Kemang,5.0,"Tempat ramai hingga larut malam yang menawarkan berbagai pipa hookah berperisa, DJ, dansa, dan koktail.","Waaahh...pokoknya keren tempat nya, makananya enak, minuman nya juga mantap tapi yang paling top yaa...shisha nya dan makasi buat pelayanan nya 🙏",ChIJP_KCL7_xaS4RK-0fDLYtghU,positive
Restoran Simpang Raya Km 6B,Pondok Kopi,5.0,,"Transit makan Pagi di Sini, tempat bersih dan nyaman, petugas resto sangat ramah. Harga juga wajar, lokasi di rest dan ada pom bensin juga, jadi parkir aman",ChIJFc3s7CaNaS4RGaSyCrViB7Y,positive
Dapur Mbah Pin,Bintaro,5.0,,"Wow tempat makan rekomendasi banget,harga murahh",ChIJT0pXK8XvaS4RDgXVdccL0NM,positive
Restu Javanese Chinese Food,Tomang,5.0,,"Sederhana, enak, cepat, komplit, berish, rapih, variasi makanan rame! Salut sama Restu Javanese Chinese sampe ada 2 tempat di area yg sama. Kaget juga lagi muterin Medit koq ada Restu lagi... Ternyata emang bener ada 2. Mantep si makanannya aku cocok.",ChIJT6IazF72aS4R6tAiFzI2NPk,positive
The Cafe,Senayan,5.0,Restoran elegan yang buka seharian di lobi hotel dengan makanan kosmopolitan dari susyi hingga kari India.,(Translated by Google) Excellent service. Delicious food. Perfect for lunch and dinner 👌🏻👌🏻  (Original) Pelayanan sangat baik sekali. Hidangan enak. cocok buat lunch and dinner 👌🏻👌🏻,ChIJmS8JUrT2aS4R99BZY-87klI,positive
KINGS CAFE JAKARTA,Gambir,5.0,,"Enak bangettt aseli. Nasgor kampung nya wangi, laksa nya seger manteb, ada pesen menu lainnya gak sempet foto. Pasta mariana + salmon, chicken chop. Semua nya enak gak ada yg zonk. Harganya juga sangat worth it, pelayanan nya ramah banget. Top markotopppp!!",ChIJBfVAytX1aS4RVT4hW60LVPQ,positive
Ayam Goreng Yogya Ibu Hj. Rodjali,Kramat Jati,4.0,,"Tempat beli ayam kampung goreng. 1 ekor harganya 115k sudah dapet kremesan seplastik. Tempatnya di depan taman intirub. Tidak ada tempat buat dine in, cuma ada kursi buat nunggu pesanan. Ayamnya bakalan digoreng kalo ada yng pesan ajaa. Ayamnya lembut banget, even beli pagi dimakan sorepun tetep lembut ga keras. Cuman untuk rasa, menurutku agak keasinan. Kremesnya enak jugaa, crispy sampe sore. Sambelnya pake sambel trasi, dapet timun 2 biji.",ChIJMY6RUuXyaS4RCJEEd-CYLsA,positive
Rumah Makan Uda Denai,Duren Sawit,1.0,,"Jgn di beli ..Harga mahal parah,pake telor dadar 18 rbu.baru kali ini mkn pandng hrga ngk sesuai bgtu.tmpt lain pake ikan aja cma 17 rbu.",ChIJmz0nzL7zaS4RGKYF-dnwtbM,negative
Warung sunda BCS,Pulo Gadung,4.0,,"Lumayan enak. Harga pas dikantong.  Parkiran merapat ya, jalan depan sempit.",ChIJjcp5EzP1aS4REOwdVSigp1w,positive
Pesisir Seafood,Kebon Jeruk,4.0,Restoran kasual yang menawarkan makanan seafood dengan bahan lokal di area luas yang memiliki teras.,"Semuanya oke, ternyata satu group sama bandar djakarta.. kalau bisa jangan pas lagi rame ke sininya.. pelayanannya lamaaaaak.. minta refill teh aja gak dateng2.. padahal lebih gampang satu meja dikasih aj satu teko.. apalagi kami ber-14 kemarin.. udah panggil berkali-kali untuk refill cuma dijawab ""baik Bu"", dan gak pernah datang..",ChIJDX-fK2D3aS4RkH00k4T8dj4,neutral
Grand City Restaurant (Merlynn Park Hotel),Gambir,4.0,,"Eskrim, mini cake, nasi kebuli agak kurang yah, selebihnya recomended. Enaknya ada playground, jd anak-anak bisa main",ChIJb6if_dD3aS4RccsSmu5Go4E,positive
Warung Nasi Putra Kuningan,Pancoran,5.0,,Makanan y enak sekali,ChIJPx4ZTc_zaS4RfTBbkhlkXL8,positive
Warung Tekko Kelapa Gading,Kelapa Gading,5.0,,"Cocok makan di sini. Menunya beragam dan khas Nusantara lah. Paling juara penyetannya sih. Iga penyet empuk, soyo betawi boleh juga dicoba. Aneka jus tersedia. Saya beruntung pas lagi ada promo jus, beli 2 dapat 1. Lokasi mudah diakses. Rekomen buat keluarga. Asoymalelooooooo.",ChIJvRyCxS_1aS4RP3TopQhbiL8,positive
Bebek Muda Ciputat,Bintaro,4.0,,"Enak banget menunya banyak cita rasa khas tempatnya bersih walaupun ngga begitu luas parkiran cukup, posisi persis pinggir jalan raya",ChIJYX38QwDvaS4RcpnlbDPuBao,positive
Warung Nasi Gang Jati,Lebak Bulus,3.0,,Lumayan lah...cuma kemaleman jdi menu dah pada abis. Tutupnya jam 9 mlm,ChIJk7myz87vaS4Rf-W1YXrFAEw,neutral
Sejuta Coffee & Space,Central Park Mall,5.0,,Tempatnya bagus dan nyaman buat chill sama temen2,ChIJD2CKPzH3aS4RSM6BtGCpN8Y,positive
Ramen Ten Ten,Cengkareng,5.0,,Salah satu ramen enak dan bisa tambah mienya. Kuah ramen banyak dan kaya kaldunya. Ocha free refill. Pelayanan baik dan peyajiannya cepat. Interior restoran sangat kental nuansa Jepang dengan banyak unsur kayu dan foto2 jadul kehidupan Jepang.,ChIJAQDlKKwCai4RS9cAFppyhg4,positive
Warung Pindang Kikil Ampera,TB Simatupang,5.0,,"baru coba mie ayam bakso dan cendol tapenya, enak banget. atmosfer cafenya cozy banget...bakalan balik lagi utk coba menu lain.",ChIJG1p-Y_jxaS4RgFMhH7jYj58,positive
Pancong Rest Coffee Rawabelong,Kebon Jeruk,1.0,Tempat nongkrong simpel yang terkenal dengan aneka rasa kue kelapa pancong dan camilan klasik.,Saya beli take away dan suami saya di motor tdk turun sama sekali. pesanan selesai tukang parkir tiba2 minta uang parkir saya menolak dan abangnya tetap maksa. Dan lebih parah nya lagi tdk ada karyawan yg membantu di kondisi tesebut. Pengalaman terburuk pemaksaan bayar parkir dan abangnya yg gak guna tiba2 muncul jagain motor juga enggak. TOLONG PERBAIKI PELAYANAN NYA!!!,ChIJrTZ5Ldr2aS4RSotNVDQzt2I,negative
Kedai koko ken,Kalideres,5.0,,"KWETIAU GORENG MEDAN RASANYA ENAK BANGET BISA MINTA REQUEST MASAK KALO YANG SUKA SMOKY JUGA BISA... SEKARANG BANYAK MENU BARU KAYAK EGG ROLL, SHRIMP ROLL, CHIKEN WINGS,SOSIS GORENG,TEMPE MENDOAN,BAKWAN SAYUR,TAHU ISI,BANYAK CEMILAN ENAK, TEMPAT NYA BERSIH RAPI,WANGI,ADA INDOR AND OUTDOOR...YUKKK YANG MAU MAKAN DI KWETIAU GORENG MEDAN AKEN(KEDAI KOKO KEN) JANGAN RAGUUU DI JAMIN PELAYANANNYA RAMAH 🥰DI KEDAI KOKO KEN ADA MENJUAL MENU BARU ADA MIE AYAM 15K RASANYA ENAK BIKIN KENYANG 🤤YUKK YANG MAU MAKAN BISA DATANG LANGSUNG KE KEDAI KALO MALAS BISA PESAN DI SHOPEE FOOD ATAU GOFOOD 😻",ChIJtVhLpBMDai4RC8YnARfydV4,positive
Rumah Makan Medan,Tomang,4.0,,"Tempat agak sempit, rasa biasa, porsi banyak. Soal harga relatif agak mahal tapi mengingat porsinya banyak mungkin wajar. Nasi 2 lauk dengan 1 sayur sekitar 46 rb (nasi 6rb, lauk sekitar 15rb dan sayur 10rb tergantung yg dipilih).  Pelayanannya ramah.",ChIJ9ZcxnWn2aS4RjY8a6JhV_RQ,neutral
Rumah makan mak' anah,Puri Indah,5.0,,"Memuaskan ,enak ,sambal pedas . Nasi uduknya mantappp",ChIJvWgiaQD3aS4R1OAmEcQqZNA,positive
Oase Kitchen,Makasar,5.0,,"Rahang rica enak , menu laen juga mantap . Harga masih terjangkau",ChIJF_fzBcfzaS4RPi3-As5TuSM,positive
Warung Taburai - Kelapa Gading,Kelapa Gading,5.0,,"Ayam kecapnya well executed, manisnya clean, meresap sampai ke serat daging, balance tanpa over. Sambal ijo pedasnya bold dan fresh, nendang tapi tetap refined. Sambal merahnya punya heat yang tegas, bumbunya gurih, kompleks, dan honestly nagih. Overall, comfort food yang dimasak dengan rasa matang dan confident. Worth the repeat.",ChIJTcOAPgD1aS4RWuL6-rTeS6M,positive
Warung Dadak,Pancoran,5.0,,yang jadi andalan kayanya sambeelnyaa... sambelnyaaaa pedeess poolll... buat yg ga suka pedes kaya saya agak tersiksa sih 😅... ayam bakaarr nyaa enaakk.. bumbunya ngeresep sampe dalem... lalapannya seger... ikan kriuknya enaaakkk... cuma satu tempatnya kurang nyaman pas jam makan siang harus antri nungguin orang kelar makan ... but recommendedlah buat masakan sundaan..,ChIJO2uB_DTzaS4RnIK5RBcsSW0,positive
warung sate bang aji khas tegal,Pancoran,5.0,,Tempat nya enak rasa makanan enak.. pokok nya mantap,ChIJHby6DSTzaS4R-tQxL-7V8m8,positive
Warung Nasi Kambing Abah,Kramat Jati,5.0,,Sop Kambing nya enaaaakkkkkk. Cobain Sop Kambing BULION nya gaessss. Segerer sedep pedes asem gurih mantep. Silakan gak akan nyesel deh….. will be back sooon ❤️ (Sayang belum sempat nyobain sate krn habis),ChIJBYlzlWfyaS4R866OpKUWo9c,positive
Restoran Sederhana (SA) Hang Lekir,Senayan,1.0,Restoran dengan beberapa cabang yang menyajikan masakan Padang berkualitas dan sari jus buah segar.,"Niatnya mau buka puasa nasi Padang, iseng ke Sederhana terdekat. Pas masuk, nggak ada arahan sama sekali harus duduk di mana atau pesan di mana. Akhirnya kami duduk sendiri, tapi cuma dilihatin tanpa ada yang menyapa atau menghampiri.  Kami tunggu cukup lama sampai akhirnya tanya duluan apakah bisa dine in, dan cuma dijawab singkat “bisa”. Setelah itu tetap nggak ada arahan apa pun, sementara staff terlihat asik ngobrol. Karena merasa nggak dilayani dan bingung harus bagaimana, akhirnya kami memutuskan untuk pergi.  Kalau memang belum bisa melayani sebelum jam buka atau ada sistem tertentu, sebaiknya dikomunikasikan dengan jelas. Lebih enak dibilang dari awal daripada tamu merasa diabaikan dan cuek.",ChIJwz3bmEfxaS4RmvBx9CD3Xic,negative
Ampera Di Jakarta,Jagakarsa,5.0,,"Pempeknya enaak, iwaknyo berasa, cukonya segerrr beda dari yg lain. Mantuullll",ChIJWXsNanXtaS4RmuyHr7lpbs8,positive
Restoran Sederhana (SA) Gatot Subroto,Kuningan,3.0,,"Makanannya udah pasti enak. Standar sederhana SA. Top nya ayam bakar, rendang, dendeng, gulai nangkanya juga tipe yang kentel. Tapi pelayanan kasirnya lama banget, saya takeaway, gaada pelanggan lain, tp didiemin lama banget gaada diajak ngomong “tunggu sebentar ya bu” atau apa gitu kalo lg ngelakuin hal lain. Saya ngomong jg ga diladenin, jadi saya berdiri sekitar 10 menit depan kasir didiemin aja, pdhl saya udah ngomong “mau bayar bu”  Semoga next time diperbaiki ya pelayanannya. Tidak apa2 jika sedang ramai / sibuk, tp yang penting diinfo & dilayani dg baik",ChIJ_WObtLjzaS4R2Y0CCyQQYeE,neutral
Thirty Three By Mirasari Restaurant,Kemang,3.0,Tempat makan luas dan terang di ruangan kontemporer yang menyajikan makanan rumahan khas Indonesia & Barat.,"Pelayanan cukup cepat dan ramah, rasa makanan tidak terlalu istimewa dan harga cenderung overprice. Area parkir luas. Area makan nyaman.  Tahu garam cukup banyak isinya dan rasa lumayan enak - agak pedas Pasta aglio olio rasanya juga enak, isian cukup banyak, kematangan pasta pas, namun agak sedikit kering utk ukuran aglio olio Nasi hainam cukup enak, dengan kuah yg tidak terlalu gurih namun pas untuk dipadukan setelah makan nasi, ayam cukup kering - better dibalur sedikit garlic oil di atas ayamnya",ChIJ74ocJNXzaS4RjhOu1TJkvsw,neutral
Rumah Makan Lokiin Sabang,Menteng,5.0,,"spot makan di Sabang yang lagi banyak dibicarain orang, namanya Rumah Makan Lokiin. Begitu masuk, langsung kerasa vibe-nya beda: tempatnya luas, bersih, parkir juga gampang—jarang-jarang ada tempat makan di tengah kota yang se-comfy ini. Naik ke lantai 2, ada smoke area yang bikin suasana makin santai, cocok buat nongkrong lama bareng teman atau rehat sebentar di tengah sibuknya Jakarta.  Nah soal menu, ini yang bikin banyak orang balik lagi. Ada nasi lokiin yang simpel tapi bikin nagih, nasi cumi item yang khas banget, sampai empal gentong yang kuahnya gurih nendang. Semua masakannya berasa kayak makan di rumah sendiri, cuma versi lebih praktis dan tempat lebih kece. Kalau lagi kangen masakan rumahan dengan rasa Nusantara yang autentik, Lokiin ini bisa jadi tempat pelarian paling pas.",ChIJB_D_eMb1aS4Ry9nTUmnkFqA,positive
"Sambal Bakar Indonesia, Peta Barat",Kalideres,4.0,,Suka menunya karena cukup variatif. Porsi juga oke. Tumis kangkungnya suka bgt. Sambalnya juga cukup pedas. Harga cukup worth it. Sistem pesen lewat barcode dan bayar ke kasir. Pelayanan cukup ramah dan cepat. Tempat luas dan bersih. Parkiran banyak dan tukang parkirnya sangat membantu.,ChIJJRO86sr5aS4Rc0AG8N9s6DQ,positive
Rumah Makan Nabila Indah,Jatinegara,5.0,,Tempat makan enak sekali,ChIJk_CcBXHzaS4R_T856sdwsO8,positive
Nagabi Resto,Kalideres,4.0,,"Kategori: Restoran Kasual  Makanan: Nama Nagabi sendiri merupakan singkatan dari Nasi Iga Babi, dan sesuai namanya, restoran ini memang berfokus pada olahan daging babi. Saya memesan Nasi Babi Komplit, yang hadir dengan berbagai potongan daging dalam satu piring. Dari segi rasa, masakan di sini cukup enak dan terolah dengan baik, meskipun bagi saya pribadi, belum meninggalkan kesan mendalam yang membuat ingin segera kembali. Di luar menu utama, tersedia juga beragam pilihan masakan lainnya yang bisa jadi menarik untuk dicoba di kunjungan berikutnya. Pelayanan: Proses pemesanan dan penyajian tidak terlalu lama  Harga: kisaran ±Rp 75.000/orang.  Tempat: Area makan berada di dalam ruangan dan dilengkapi AC. Tata ruangnya sederhana tapi cukup nyaman untuk menikmati santapan dengan tenang.  Kesimpulan: bintang 4 untuk makanan.",ChIJ69fep4sDai4RlQk2qAO9g5w,positive
RM RESTU ANDA,Ciracas,5.0,,"Segar mentahnya,nikmati matangnya....!!!",ChIJUwM4IXjtaS4R-ffAM1TuWVw,positive
SANTHAI,Kuningan,4.0,Resto Thailand santai yang luas dengan dekorasi tropis yang menyajikan masakan pedas & aneka sayuran.,"Tempatnya cakep, aesthetic. Cocok lah buat yang doyan foto-foto sambil nongkrong cantik. Tapi sayang, ruangannya agak panas walau udah ada AC, jadi kurang nyaman kalau mau nongkrong lama-lama.  Makanannya? Ya oke lah, standar. Nggak zonk, tapi juga nggak yang bikin pengen balik karena makanannya.",ChIJtc9awYzzaS4RVlR0OR7rjB8,neutral
Solaria - One Belpark Mall,Cilandak,5.0,,"Tempatnya sepi, terjangkau untuk pengguna kursi roda & cukup estetik, disini pembayarannya bisa pake qris, kalo untuk makanan, buat nasi bistik sapinya enak, kalo nasgor seafoodnya masih kalah sama outlet solaria yang laen, perlu di improve, sambelnya ga begitu pedes tapi enak, kalo untuk pelayanan, ga lama, cepet & ramah.",ChIJz39dVx_uaS4RwKa5QVCrkEw,positive
KEDAI SUDUT SELATAN,Kebayoran Baru,5.0,,Nyoba kemari. Mknan nya banyak. Plg enak roti nya mantep. Mie acehnya jg tau2 pedes,ChIJ4zwLZJ7xaS4RYBer4NXFBHU,positive
Kuliner Medan Julia,Duren Sawit,2.0,,Baru sebut pesanan kerupuk mie dan sudah tdk bisa di cancel ketika liat fisiknya  yg biasa aja.  yg paling berkesan hanya sate kerang dan krupuk mie.  nasi lemak nya tdk spesial2 bgt mgkn mahal krn dendeng nya.,ChIJ53YAyznzaS4RipIeKBRdfK0,negative
Saung kita kamboja,Tanah Abang,5.0,,"Enak makanannya, staff jg ramah dan full service. Menunya banyak dan bervariasi.  Kami makan gurame sop pindang dan pete teri sambel. Lain kali mau cobain yg lain.",ChIJ3zNqr4n2aS4RyVtHplgWp9s,positive
Oseng Mbah Gledek,Central Park Mall,5.0,,"Kulit ayam crispy nya wangi banget, gurih, renyah. Paru goreng crispy nya apalagi. 😍😍 Recommended 👍👍",ChIJizHAsz_3aS4RJQvY8Mt7OC8,positive
Bajak Laut Seafood Rajawali,Pademangan,5.0,Tempat makan outdoor yang simpel dengan beragam seafood di lingkungan yang simpel.,Menikmati seafood di Bajak Laut seafood Rajawali. Masakan enak dan harga terjangkau,ChIJabGoUPL1aS4RlL764pOFHqQ,positive
KEDAI SUDUT SELATAN,Kebayoran Baru,5.0,,"Kedai Sudut Selatan adalah tempat yang langsung mencuri perhatian sejak pertama kali masuk karena suasananya yang hangat dan estetik. Makanan yang disajikan terasa autentik dan penuh cita rasa. Pelayanannya ramah dan membuat pengunjung merasa benar-benar dihargai. Minuman kopinya punya karakter yang kuat dan pas untuk dinikmati kapan saja. Harga menu juga tergolong ramah di kantong tanpa mengurangi kualitas. Tempat duduknya nyaman dan cocok untuk nongkrong lama. Musik yang diputar juga tidak terlalu keras sehingga tetap enak untuk ngobrol. Kebersihan kedai selalu terjaga dengan baik. Pilihan menu cukup beragam sehingga tidak bosan untuk kembali lagi. Penyajian makanan juga rapi dan menarik. Porsi yang diberikan cukup mengenyangkan. Tempat ini juga memiliki spot foto yang sangat instagramable. Area smoking dan non-smoking ditata dengan rapi sehingga tidak mengganggu. Baristanya terlihat profesional dan penuh passion saat meracik pesanan. Wifi di sini cukup kencang untuk kerja atau sekadar browsing. Suasana sore di kedai ini terasa sangat nyaman. Lokasinya mudah ditemukan meskipun berada di sudut jalan. Parkirnya cukup memadai untuk motor dan mobil. Aroma kopi yang harum langsung menyambut saat masuk. Dan secara keseluruhan, Kedai Sudut Selatan adalah tempat yang selalu bikin ingin kembali lagi.",ChIJ4zwLZJ7xaS4RYBer4NXFBHU,positive
"Salty Sam, Kelapa Gading",Kelapa Gading,4.0,,"Pesen salted egg buttermilk chicken box, mumpung promo d grabfood jd cobain ni ahahhaa.. rasanya pas, enak, harganya kalo normal agak pricey.",ChIJr0lHAkH1aS4RHT7yLzApX_I,positive
Nam Heong Lippo Mall Puri,Puri Indah,1.0,,Kalau gak boleh duduk di resto sebaiknya sediakan kursi tunggu!!!! Makanan situh dimasak semua bukan frozen food... Kalau emang mau menjaga kebersihan dan kerisihan custumer yang makan di tempat... tidak usah kerja sama sama aplikator ojolll,ChIJ27t0Cvf3aS4RPbUXbKAF-C0,negative
Rumah Makan Cahaya Baru Masakan Padang,Pancoran,5.0,,"Disini makanan nya sangat lah enak beda dari makanan Padang yang lain,, gak percaya ayo dicoba aja😌👍",ChIJG47GpArzaS4R6-dRYAb2K5Q,positive
Vince,Kelapa Gading Barat,5.0,,"Tempatnya nyaman banget, cozy, bikin betah. Pelayanannya ramah, dan makanannya enak-enak. Worth to visit! ✨",ChIJe75zW8n1aS4RQuBikSJD0Vg,positive
Kedai 3 Nyonya,Pancoran,5.0,,"Dibuka kembali, sempat tutup karena pandemic 2020. Ada di dalam komplek TIS. Susana adem nyaman, ada smoking area di lantai 2. Konsep masakan peranakan, melayu n indonesia. Makanan enak tapi aga lama hidangnya.",ChIJMTV7_LvzaS4RFANt410Pz9Y,positive
Padang Express,Penjaringan,5.0,Masakan Padang klasik yang disajikan di tempat sejuk dengan nuansa cerah dan santai.,"Nasi padang yang cocok buat aku, karena ga bau rempah/ kayu manis yang menyengat. Ruangan AC, ayam goreng bisa minta digorengin baru. Menu lumayan lengkap",ChIJgR7cZ78dai4R7nqsoUAfZPw,positive
Kupinami - Kedai Kupi dan Mie Aceh,Ciracas,1.0,"Kedai kopi & kafe bernuansa lembut & minimalis, dengan minuman premium & camilan, plus area bermain anak.","Cafenya berisik sekali sejak di renovasi, jadi kurang nyaman. Ada bau bau parfum aneh pas masuk ke ruangan sebelah kitchen.  Kita tanya, ayam bowl asam manisnya bisa buat anak gak, pedas gak. Dan kata pelayannya rekomen untuk anak, katanya gak pedas, tapi kami tetap request jangan pedas karena untuk anak. Ternyata setelah datang, rasa pedes lada dong, tau gitu buat apaan ngerekomendasiin, dan padahal sudah request gak pedas juga.  Pernah pesan fish n chips, banyakan tepung dr pada ikannya, makanya gak mau pesan itu lg. Pengen menu yg lain, tp ternyata tidak ramah anak2 menunya.  Pesan jus timun juga, harganya 48 ribu, astagaaaa timunnya sedikittt sekali, ini fotonya sudah saya aduk, jadi terlihat warna  timun, aslinya pas datang, timun serutnya dikitttttt bgt, airnya bening pula.---intinya gak rekomen untuk harga segitu, byee  Tapi untuk jus kurmanya, tetep enakkk, sudah terbukti saya sering order ini dulu..  Saya langganan di kupinami dr awalnya cm di depan, sampai tmpt skrg, menu makin banyak tp skrg terlalu over price, untuk hitungan sekitaran situ banyak tmpt kopi yang jauh lebih ramah dan nyaman.",ChIJX9Q8fkDtaS4Rd0jejuahz3w,negative
Bebek Tepi Sawah BM,Penjaringan,5.0,Tempat makan yang menyajikan aneka hidangan tradisional serta terkenal dengan bebek khas bali dan sambal.,"Kita datang di jam makan siang, cukup sepi. View nya ancol, ada yacht juga. untuk rasa makanan menurut kita enak, ayam dan bebeknya juga potongan gede. Termarinasi dengan bumbu yang manteup. Sambal dan sayurnya juga fresh dan enakkkk. Untuk harga segitu, ekspektasi kita juga lumayan yah jadinya hehheh. Nice to try pokoke",ChIJrX0oTKQdai4R-VitxJzLUYE,positive
Chill In Cafe,Kebayoran Baru,4.0,"Tempat makan mewah dengan ruang makan luas yang menawarkan koktail, kopi, dan sajian pembuka lokal kelas atas.",STC sepiii amaaat... gw pesan gado2 dan kawan nasi goreng. Konsep gado2nya unik. Sayurannya digulung satu satu. Sayangnya bumbu kacang dikasihnya dikit. Pelit sama bumbu kacang. Nasi goreng kata kawan so so lah. Pelayanan oke. Tempat sebetulnya juga oke.,ChIJ0wJppUjxaS4RowZMZwNYaqY,neutral
